{
  "meta": {
    "run_dir": "output/run_31sn",
    "airplane_file": "airplane.aero",
    "soln_file": "soln.json"
  },
  "references": {
    "b": 6.826900285302342,
    "S": 2.019120560347396,
    "MAC": 0.30801321808537535,
    "y_boom": 0.8533625356627927,
    "boom_spacing_frac": 0.25,
    "cg_x": 0.091035796655625,
    "operating_altitude_m": 1200.0,
    "temperature_deviation_K": 34.0
  },
  "outboard_moments": []
}