{
  "Meta": {
    "run_id": "run_31sn",
    "timestamp_utc": "2025-12-17T20:56:04.987524+00:00"
  },
  "Mission": {
    "mission_date": 100,
    "operating_lat": 37.398928,
    "operating_altitude": 1200
  },
  "Environment": {
    "temperature_K": 314.6118954753899,
    "temperature_F": 106.63141185570174,
    "pressure": 87713.68566656993,
    "density": 0.9712477412534749,
    "speed_of_sound": 355.57620215400374
  },
  "Performance": {
    "airspeed": 10.74366361713555,
    "power_cruise (all motors)": 49.62675173636731,
    "power_cruise (one motor)": 24.813375868183655,
    "power_shaft_cruise (one motor)": 23.429310553324623,
    "thrust_cruise": 3.467896264572565,
    "min_climb_angle": 30,
    "power_out_max": 578.4532000483796,
    "total_mass": 10.269814381122305,
    "togw_design": 10.269814371124577,
    "weight_N": 100.7468789807321,
    "stall_speed": 8.890229773868,
    "L_over_D": 29.051295449626878
  },
  "Aerodynamics": {
    "CL": 0.8901527121918587,
    "CD": 0.030640723534526286,
    "Cm": 2.790129597377458e-16,
    "L": 100.746878970755,
    "D": 3.467896264572565,
    "x_np": 0.24504240878142056,
    "static_margin": 0.500000010009661
  },
  "Main Wing": {
    "wingspan": 6.790906758467521,
    "chordlen": 0.3641431866225,
    "struct_defined_aoa": 5.394076343190658,
    "S_w": 2.019120560347396,
    "MAC_w": 0.30801321808537535,
    "b_w": 6.826900285302342,
    "main_wing_area": 2.019120560347396,
    "main_wing_AR": 23.082607557342882,
    "wing_airfoil": "s4110"
  },
  "HStab": {
    "hstab_AR": 11.000000075,
    "hstab_aoa": -0.7267528996210127,
    "hstab_area": 0.21221581922491536,
    "hstab_span": 1.6977266896168803,
    "hstab_chordlen": 0.12499999000004254,
    "L_H": 1.465290909429836,
    "V_H_actual": 0.5,
    "hstab_airfoil": "naca0010"
  },
  "V Stab": {
    "vstab_AR": 2.0,
    "vstab_area": 0.0940723418181795,
    "vstab_area_total": 0.188144683636359,
    "vstab_span": 0.43375647964769243,
    "vstab_root_chord": 0.30875648964764985,
    "L_V": 1.465290909429836,
    "V_V_actual": 0.020000000000000004,
    "vstab_airfoil": "naca0010"
  },
  "Geometry": {
    "cg_le_dist": 0.091035796655625,
    "boom_y": 0.8488633448084402,
    "boom_length": 1.556326706085461,
    "boom_radius": 0.01,
    "boom_spacing_frac": 0.25
  },
  "Power": {
    "solar_panels_n": 57.30254025105539,
    "battery_capacity": 851.0535072995359,
    "battery_states": [
      481.48715965656885,
      496.9328949239096,
      512.3647535009819,
      527.7550053592188,
      543.0759905157635,
      558.3001656966969,
      573.4001509497215,
      588.348776186704,
      603.11912763708,
      617.6845941938334,
      632.0189136345417,
      646.0962187007841,
      659.891083019906,
      673.37856685365,
      686.5342626582808,
      699.3343404403437,
      711.755592890749,
      723.775480277034,
      735.3721750687716,
      746.5246062633058,
      757.212503367088,
      767.4164399701484,
      777.1178768253125,
      786.2992043062873,
      794.9437840649688,
      803.0359896315048,
      810.5612455910903,
      817.5060648152219,
      823.8580830018799,
      829.6060894591045,
      834.7400526058256,
      839.2511379973374,
      843.1317157128076,
      846.375352521328,
      848.9767821481779,
      850.905898201883,
      851.0535063636847,
      851.0533624634613,
      850.9841201370471,
      850.3287271557572,
      849.0159193407167,
      847.0420181159262,
      844.4006104016725,
      841.0806000301246,
      837.0639372432458,
      832.3239512413045,
      826.8282040197628,
      820.5578178041131,
      813.5672040825979,
      806.0788528651822,
      798.3807116286678,
      790.654219775747,
      782.9277279228264,
      775.2012360699058,
      767.4747442169852,
      759.7482523640645,
      752.0217605111438,
      744.2952686582231,
      736.5687768053024,
      728.8422849523818,
      721.1157930994613,
      713.3893012465405,
      705.6628093936198,
      697.9363175406992,
      690.2098256877784,
      682.4833338348577,
      674.7568419819371,
      667.0303501290165,
      659.3038582760958,
      651.5773664231751,
      643.8508745702545,
      636.1243827173338,
      628.3978908644131,
      620.6713990114924,
      612.9449071585719,
      605.2184153056512,
      597.4919234527304,
      589.7654315998099,
      582.0389397468891,
      574.3124478939685,
      566.5859560410478,
      558.8594641881272,
      551.1329723352064,
      543.4064804822858,
      535.6799886293652,
      527.9534967764446,
      520.2270049235239,
      512.5005130706031,
      504.7740212176824,
      497.0475293647618,
      489.3210375118411,
      481.5945456589203,
      473.86805380599964,
      466.1415619530789,
      458.41507010015823,
      450.68857824723744,
      442.96208639431666,
      435.235594541396,
      427.5091026884752,
      419.7826108355545,
      412.05611898263373,
      404.32962712971295,
      396.6031352767923,
      388.87664342387154,
      381.15015157095075,
      373.4236597180301,
      365.69716786510935,
      357.9706760121887,
      350.24418415926795,
      342.5176923063472,
      334.7912004534264,
      327.06470860050575,
      319.3382167475851,
      311.6117248946643,
      303.8852330417436,
      296.1587411888229,
      288.43224933590216,
      280.70575748298137,
      272.9792656300607,
      265.25277377713996,
      257.5262819242193,
      249.79979007129853,
      242.0732982183778,
      234.34680636545707,
      226.6203145125363,
      218.89382265961558,
      211.16733080669485,
      203.44083895377412,
      195.71434710085342,
      187.98785524793269,
      180.26136339501195,
      172.5632221584975,
      165.0748709410819,
      158.0842572195665,
      151.81387100391694,
      146.31812378237527,
      141.57813778043376,
      137.56147499355484,
      134.24146462200704,
      131.60005690775313,
      129.62615568296292,
      128.31334786806383,
      127.65802608586134,
      127.65802608551427,
      128.3116868829601,
      129.6172179558763,
      131.57227966439882,
      134.1737092913446,
      137.41734609986514,
      141.29792381533517,
      145.8090092068471,
      150.94297235356794,
      156.6909788107928,
      163.0429969974509,
      169.98781622158253,
      177.51307218116798,
      185.60527774770398,
      194.24985750638538,
      203.43118498736007,
      213.1326218425243,
      223.33655844558464,
      234.02445554936673,
      245.1768867439009,
      256.7735815356384,
      268.79346892192353,
      281.2147213723289,
      294.0147991543917,
      307.17049495902256,
      320.6579787927665,
      334.45284311188857,
      348.53014817813096,
      362.86446761883934,
      377.42993417559256,
      392.2002856259687,
      407.14891086295114,
      422.24889611597575,
      437.4730712969092,
      452.7940564534537,
      468.18430831169076,
      483.616166888763
    ],
    "battery_voltage": 22.2,
    "solar_panel_side_length": 0.125,
    "solar_panels_n_rows": 2,
    "solar_encapsulation_eff_hit": 0.1,
    "solar_cell_efficiency": 0.2187,
    "energy_generation_margin": 1.05,
    "num_packs": 7.667148714410233
  },
  "Propulsion": {
    "propeller_n": 2,
    "propeller_diameter": 1.2618711949564902,
    "advanced_ratio": 0.8,
    "motor_kv": 49.99999500160949,
    "rpm_cruise": 638.5554837179317,
    "i_cruise": 1.8345553995349562
  },
  "Masses": {
    "mass_propellers": 0.055,
    "mass_motor_raw (single)": 0.275,
    "mass_motors_mounted (single)": 0.30250000000000005,
    "mass_esc (single)": 0.03,
    "mass_power_board": 0.15,
    "mass_telemtry": 0.026,
    "mass_receiver": 0.018,
    "mass_servos": 0.08,
    "mass_avionics": 0.286,
    "mass_wires": 0.11747818025690353,
    "mass_solar_cells": 0.4584203220084431,
    "mass_batteries": 3.7326908214891925,
    "mass_main_wing": 3.8873016521464674,
    "mass_hstab": 0.24759206768372075,
    "mass_vstab": 0.20519253044219574,