{
  "Meta": {
    "run_id": "run_20251217T065624Z",
    "timestamp_utc": "2025-12-17T06:56:24.537147+00:00"
  },
  "Mission": {
    "mission_date": 100,
    "operating_lat": 37.398928,
    "operating_altitude": 1200
  },
  "Environment": {
    "temperature_K": 314.6118954753899,
    "temperature_F": 106.63141185570174,
    "pressure": 87713.68566656993,
    "density": 0.9712477412534749,
    "speed_of_sound": 355.57620215400374
  },
  "Performance": {
    "airspeed": 11.98601444012294,
    "power_cruise (all motors)": 50.94858783325027,
    "power_cruise (one motor)": 25.474293916625136,
    "power_shaft_cruise (one motor)": 24.124915710660623,
    "thrust_cruise": 3.093311235105527,
    "min_climb_angle": 30,
    "power_out_max": 571.6562349261301,
    "total_mass": 9.0928223318056,
    "togw_design": 9.092822321810521,
    "weight_N": 89.20058697696122,
    "stall_speed": 9.74753322765475,
    "L_over_D": 28.83660265242186
  },
  "Aerodynamics": {
    "CL": 0.8597718223412556,
    "CD": 0.029815295258751543,
    "Cm": -4.562406422240845e-16,
    "L": 89.20058696701037,
    "D": 3.093311235105527,
    "x_np": 0.20860867375864872,
    "static_margin": 0.500000009987252
  },
  "Main Wing": {
    "wingspan": 5.874533489881674,
    "chordlen": 0.3099999900008434,
    "struct_defined_aoa": 7.000000069626471,
    "S_w": 1.4870818915437911,
    "MAC_w": 0.2622173472792143,
    "b_w": 5.906144247722977,
    "main_wing_area": 1.4870818915437911,
    "main_wing_AR": 23.457040310469004,
    "wing_airfoil": "s4110"
  },
  "HStab": {
    "hstab_AR": 11.000000074999999,
    "hstab_aoa": 1.474252533539925,
    "hstab_area": 0.18357915687282675,
    "hstab_span": 1.4686333724704186,
    "hstab_chordlen": 0.12499999000024387,
    "L_H": 1.062045047569344,
    "V_H_actual": 0.4999999999998891,
    "hstab_airfoil": "naca0010"
  },
  "V Stab": {
    "vstab_AR": 2.0,
    "vstab_area": 0.08269818855361648,
    "vstab_area_total": 0.16539637710723296,
    "vstab_span": 0.40668953405175495,
    "vstab_root_chord": 0.28168954405150964,
    "L_V": 1.062045047569344,
    "V_V_actual": 0.019999999999995566,
    "vstab_airfoil": "naca0010"
  },
  "Geometry": {
    "cg_le_dist": 0.07749999750021085,
    "boom_y": 0.7343166862352093,
    "boom_length": 1.1395450450695548,
    "boom_radius": 0.01,
    "boom_spacing_frac": 0.25
  },
  "Power": {
    "solar_panels_n": 58.61693961857263,
    "battery_capacity": 870.5729811763746,
    "battery_states": [
      492.4303824187656,
      508.2304102630529,
      524.0162431150761,
      539.7595148779226,
      555.4319311070894,
      571.0053167440694,
      586.4516637982296,
      601.7431789569425,
      616.8523311045344,
      631.7518987313416,
      646.4150172149723,
      660.8152259566757,
      674.9265153564573,
      688.7233736110858,
      702.1808333192714,
      715.2745178777897,
      727.980687650847,
      740.2762858920757,
      752.1389843935559,
      763.5472288282896,
      774.4802837403757,
      784.918277118989,
      794.8422444657417,
      804.234172226669,
      813.0770404050676,
      821.3548640928384,
      829.0527335459141,
      836.1568522695203,
      842.6545723506374,
      848.5344259476866,
      853.786151376293,
      858.4007115482308,
      862.3703015283818,
      865.6883405210951,
      868.3494414544955,
      870.3391963529233,
      870.5729795342462,
      870.572856493384,
      870.5036040970814,
      869.833189344213,
      868.4902684876533,
      866.4710901333478,
      863.7690940991199,
      860.3729296944613,
      856.26413313797,
      851.4154218580425,
      845.7936137907606,
      839.3793981452999,
      832.228434494637,
      824.5683163001227,
      816.6935959461189,
      808.789874672387,
      800.8861533986551,
      792.9824321249231,
      785.0787108511911,
      777.1749895774592,
      769.2712683037273,
      761.3675470299954,
      753.4638257562634,
      745.5601044825316,
      737.6563832087996,
      729.7526619350676,
      721.8489406613359,
      713.945219387604,
      706.041498113872,
      698.1377768401401,
      690.2340555664082,
      682.3303342926763,
      674.4266130189444,
      666.5228917452125,
      658.6191704714806,
      650.7154491977486,
      642.8117279240169,
      634.9080066502848,
      627.004285376553,
      619.1005641028211,
      611.1968428290892,
      603.2931215553572,
      595.3894002816254,
      587.4856790078934,
      579.5819577341615,
      571.6782364604295,
      563.7745151866977,
      555.8707939129657,
      547.9670726392338,
      540.063351365502,
      532.15963009177,
      524.2559088180382,
      516.3521875443063,
      508.44846627057444,
      500.5447449968426,
      492.64102372311083,
      484.737302449379,
      476.8335811756471,
      468.92985990191534,
      461.02613862818356,
      453.12241735445167,
      445.2186960807198,
      437.31497480698795,
      429.41125353325606,
      421.50753225952417,
      413.6038109857924,
      405.7000897120605,
      397.7963684383286,
      389.89264716459684,
      381.98892589086495,
      374.0852046171331,
      366.1814833434013,
      358.2777620696694,
      350.37404079593756,
      342.4703195222057,
      334.5665982484738,
      326.662876974742,
      318.7591557010101,
      310.8554344272783,
      302.9517131535464,
      295.04799187981456,
      287.1442706060827,
      279.2405493323509,
      271.336828058619,
      263.4331067848871,
      255.52938551115528,
      247.62566423742345,
      239.72194296369162,
      231.81822168995976,
      223.91450041622787,
      216.01077914249598,
      208.10705786876414,
      200.20333659503225,
      192.29961532130037,
      184.39589404756848,
      176.52117369356463,
      168.8610554990501,
      161.71009184838746,
      155.29587620292688,
      149.6740681356447,
      144.82535685571736,
      140.71656029922605,
      137.32039589456747,
      134.61839986033937,
      132.59922150603387,
      131.25630064956437,
      130.5859471681149,
      130.58594716749644,
      131.2546015641766,
      132.59007876502892,
      134.58998546378714,
      137.2510863972094,
      140.56912538992285,
      144.53871537007385,
      149.15327554201164,
      154.40500097061815,
      160.28485456766725,
      166.78257464878456,
      173.88669337239094,
      181.58456282546643,
      189.86238651323714,
      198.70525469163582,
      208.09718245256312,
      218.02114979931585,
      228.45914317792912,
      239.39219809001528,
      250.8004425247489,
      262.663141026229,
      274.95873926745793,
      287.6649090405151,
      300.7585935990334,
      314.21605330721906,
      328.0129115618474,
      342.124200961629,
      356.5244097033324,
      371.187528186963,
      386.0870958137703,
      401.19624796136213,
      416.48776312007516,
      431.9341101742353,
      447.5074958112152,
      463.179912040382,
      478.92318380322837,
      494.7090166552518
    ],
    "battery_voltage": 22.2,
    "solar_panel_side_length": 0.125,
    "solar_panels_n_rows": 2,
    "solar_encapsulation_eff_hit": 0.1,
    "solar_cell_efficiency": 0.2187,
    "energy_generation_margin": 1.05,
    "num_packs": 7.8429998304177895
  },
  "Propulsion": {
    "propeller_n": 2,
    "propeller_diameter": 0.40615962693842983,
    "advanced_ratio": 0.8,
    "motor_kv": 99.69797425926583,
    "rpm_cruise": 2213.29502832514,
    "i_cruise": 1.0867079150078263
  },
  "Masses": {
    "mass_propellers": 0.05956411141623432,
    "mass_motor_raw (single)": 0.275,
    "mass_motors_mounted (single)": 0.33,
    "mass_esc (single)": 0.013605418391241896,
    "mass_power_board": 0.15,
    "mass_telemtry": 0.026,
    "mass_receiver": 0.018,
    "mass_servos": 0.08,
    "mass_avionics": 0.286,
    "mass_wires": 0.0882229262074857,
    "mass_solar_cells": 0.46893551694858104,
    "mass_batteries": 3.818302549019187,
    "mass_main_wing": 2.7453394878670143,