{
    "airspeed": [
        9.857887782280095
    ],
    "wingspan": [
        6.836972014340773
    ],
    "chordlen": [
        0.3261274024751911
    ],
    "struct_aoa": [
        7.000000069980255
    ],
    "cg_le_dist": [
        0.04076592530939889
    ],
    "hstab_span": [
        0.2999999950277365
    ],
    "hstab_chordlen": [
        0.14999999801177602
    ],
    "hstab_aoa": [
        5.000000042887045
    ],
    "boom_length": [
        0.9999999900664603
    ],
    "power": [
        52.592092494797136,
        483.8635768359147,
        [
            483.8635768359147,
            483.8635768359147,
            483.8635768359147,
            483.8635768359147,
            483.8635768359147,
            483.8635768359147,
            483.8635768359147,
            483.8635768359147,
            483.8635768359147,
            483.8635768359147,
            483.8635768359147,
            483.8635768359147,
            483.8635768359147,
            483.8635768359147,
            483.8635768359147,
            483.8635768359147,
            483.8635768359147,
            483.8635768359147,
            483.8635768359147,
            483.8635768359147,
            483.8635768359147,
            483.8635768359147,
            483.8635768359147,
            483.86357681492063,
            483.29138970724006,
            480.5228322778294,
            475.3951768177283,
            467.92354447217576,
            459.26734068628673,
            450.52480811921674,
            441.78227555214676,
            433.03974298507677,
            424.2972104180068,
            415.5546778509369,
            406.81214528386687,
            398.0696127167969,
            389.32708014972695,
            380.58454758265697,
            371.842015015587,
            363.099482448517,
            354.356949881447,
            345.6144173143771,
            336.8718847473071,
            328.1293521802371,
            319.3868196131672,
            310.6442870460972,
            301.9017544790272,
            293.1592219119573,
            284.41668934488723,
            275.6741567778173,
            266.9316242107473,
            258.18909164367733,
            249.44655907660734,
            240.7040265095373,
            231.9614939424673,
            223.21896137539724,
            214.47642880832726,
            205.7338962412573,
            196.99136367418728,
            188.24883110711727,
            179.50629854004725,
            170.76376597297727,
            162.02123340590725,
            153.27870083883727,
            144.53616827176725,
            135.79363570469727,
            127.05110313762724,
            118.30857057055724,
            109.56603800348724,
            100.82350543641722,
            92.08097286934722,
            83.33844030227723,
            74.59590773520722,
            65.93970394931834,
            58.468071603765715,
            53.34041614366464,
            50.57185871425399,
            49.99999950149785,
            51.53764351967347,
            55.150732613486994,
            60.826096337284206,
            68.55336151065627,
            78.31608783875257,
            90.0876796343525,
            103.82968709920497,
            119.49131162851305,
            137.0095280615739,
            156.30952886015547,
            177.3053394117821,
            199.90052627986069,
            223.9889574988008,
            249.45559342804623,
            276.17729687085443,
            304.0236565033067,
            332.8578204114309,
            362.53733789778784,
            392.9150083388533,
            423.83973610370856,
            455.1573905778225,
            483.8635768359147
        ]
    ]
}