{
    "airspeed": [
        13.058285211200207
    ],
    "togw_max": [
        7.000000069984753
    ],
    "thrust_cruise": [
        3.154794643768805
    ],
    "power_out_max": [
        675.2676656603998
    ],
    "wingspan": [
        5.707597628683311
    ],
    "chordlen": [
        0.3261274024755965
    ],
    "struct_aoa": [
        6.274555230216451
    ],
    "cg_le_dist": [
        0.04076577217318561
    ],
    "hstab_span": [
        0.2999999950127477
    ],
    "hstab_chordlen": [
        0.14999999800681815
    ],
    "hstab_aoa": [
        3.5236335389841544e-08
    ],
    "boom_length": [
        0.9999999800333985
    ],
    "propeller_diameter": [
        0.6941318520935145
    ],
    "motor_rpm": [
        6000.00003
    ],
    "solar_panels_n": [
        55.273047809623264
    ],
    "battery_capacity": [
        823.4052281968683
    ],
    "battery_states": [
        [
            466.14124152747786,
            481.01991454279903,
            495.88520234061866,
            510.7103570108439,
            525.468698208272,
            540.1336581631421,
            554.6788266429269,
            569.0779958464753,
            583.3052052121683,
            597.3347861224545,
            611.1414064878812,
            624.700115194499,
            637.9863863992088,
            650.9761636581073,
            663.6459038730025,
            675.9726210407997,
            687.9339297890667,
            699.5080886783395,
            710.6740432470248,
            721.411468767247,
            731.7008126684896,
            741.5233365687834,
            750.8611578281805,
            759.6972905030949,
            768.0156855282289,
            775.8012698786966,
            783.0399843592892,
            789.718819517104,
            795.8258489584126,
            801.3502590419711,
            806.282373476681,
            810.6136707086563,
            814.3367910470854,
            817.4455291077397,
            819.9348051324118,
            821.8006057349335,
            823.0373231239074,
            823.3967571782479,
            823.3206576294953,
            822.6684639301589,
            821.3821336322704,
            819.4581239665549,
            816.890248986253,
            813.6678055181316,
            809.7733830750713,
            805.1812554609522,
            799.8601335327836,
            793.7918081129561,
            787.0287635900814,
            779.7856100129311,
            772.340096580444,
            764.8672366294745,
            757.3943766785051,
            749.9215167275356,
            742.448656776566,
            734.9757968255966,
            727.5029368746272,
            720.0300769236577,
            712.5572169726883,
            705.0843570217188,
            697.6114970707494,
            690.1386371197799,
            682.6657771688103,
            675.192917217841,
            667.7200572668715,
            660.2471973159021,
            652.7743373649325,
            645.3014774139631,
            637.8286174629936,
            630.3557575120242,
            622.8828975610547,
            615.4100376100853,
            607.9371776591158,
            600.4643177081464,
            592.9914577571769,
            585.5185978062074,
            578.045737855238,
            570.5728779042685,
            563.100017953299,
            555.6271580023296,
            548.15429805136,
            540.6814381003906,
            533.2085781494211,
            525.7357181984517,
            518.2628582474822,
            510.78999829651275,
            503.3171383455433,
            495.8442783945739,
            488.37141844360445,
            480.898558492635,
            473.42569854166544,
            465.95283859069593,
            458.4799786397265,
            451.00711868875703,
            443.5342587377876,
            436.0613987868181,
            428.5885388358486,
            421.11567888487923,
            413.6428189339098,
            406.16995898294033,
            398.6970990319708,
            391.22423908100143,
            383.7513791300319,
            376.27851917906247,
            368.805659228093,
            361.3327992771235,
            353.85993932615406,
            346.3870793751846,
            338.91421942421516,
            331.4413594732457,
            323.96849952227626,
            316.49563957130675,
            309.0227796203373,
            301.54991966936785,
            294.0770597183984,
            286.60419976742895,
            279.13133981645944,
            271.65847986549,
            264.18561991452054,
            256.71275996355104,
            249.23990001258164,
            241.76704006161222,
            234.29418011064277,
            226.8213201596733,
            219.34846020870387,
            211.87560025773445,
            204.40274030676503,
            196.92988035579558,
            189.45702040482615,
            181.9841604538567,
            174.51130050288725,
            167.0657870704001,
            159.82263349324967,
            153.059588970375,
            146.9912635505474,
            141.67014162237882,
            137.07801400825988,
            133.18359156519978,
            129.96114809707828,
            127.3932731167762,
            125.46926345106073,
            124.18293315333575,
            123.5308026094119,
            123.51078422003626,
            124.12127582846155,
            125.36055032755613,
            127.22635094082271,
            129.71562696549498,
            132.82436502614937,
            136.54748536457853,
            140.87878259655398,
            145.81089703126378,
            151.33530711482211,
            157.44233655613084,
            164.1211717139456,
            171.359886194538,
            179.1454705450058,
            187.4638655701399,
            196.2999982450543,
            205.6378195044513,
            215.46034340474526,
            225.74968730598783,
            236.48711282621014,
            247.65306739489543,
            259.22722628416795,
            271.1885350324351,
            283.5152522002324,
            296.18499241512757,
            309.1747696740261,
            322.4610408787359,
            336.01974958535357,
            349.82636995078025,
            363.8559508610665,
            378.0831602267594,
            392.48232943030786,
            407.0274979100928,
            421.6924578649626,
            436.4507990623908,
            451.275953732616,
            466.14124153043576
        ]
    ]
}