{
    "airspeed": [
        12.678689050097775
    ],
    "togw_max": [
        7.633629607678241
    ],
    "power_out_max": [
        568.7315193999583
    ],
    "thrust_cruise": [
        2.928599804275741
    ],
    "propeller_diameter": [
        0.6041280990376402
    ],
    "solar_panels_n": [
        50.28436897883508
    ],
    "battery_capacity": [
        746.830311099988
    ],
    "battery_states": [
        [
            422.6881772499872,
            436.24218459254587,
            449.78401480280627,
            463.2893341080922,
            476.7338702025362,
            490.09345319519576,
            503.34405651381184,
            516.4618377470199,
            529.4231794083404,
            542.2047296058969,
            554.7834426025079,
            567.1366192514824,
            579.2419472940838,
            591.0775415050625,
            602.6219836727707,
            613.8543623999404,
            624.7543127099381,
            635.3020554408125,
            645.4784364051735,
            655.2649652871005,
            664.643854236831,
            673.5980561084169,
            682.111302262782,
            690.1681398257215,
            697.7539682432009,
            704.8550749088952,
            711.4586695427771,
            717.5529168624465,
            723.1269668929773,
            728.1709819802527,
            732.6761591685607,
            736.634746018388,
            740.040047089135,
            742.8864170646383,
            745.1692346550678,
            746.7845924372343,
            746.830309428437,
            746.8299888593782,
            746.760835131481,
            746.185615711779,
            745.0335950092771,
            743.3014488059403,
            740.9835494673165,
            738.0701598369905,
            734.5454408144765,
            730.3859881260933,
            725.5633366360554,
            720.0609206393403,
            713.9264875366646,
            707.3552777084059,
            700.5999720498012,
            693.8197880376383,
            687.0396040254755,
            680.2594200133126,
            673.4792360011497,
            666.6990519889869,
            659.918867976824,
            653.1386839646611,
            646.3584999524983,
            639.5783159403354,
            632.7981319281724,
            626.0179479160097,
            619.2377639038468,
            612.457579891684,
            605.6773958795211,
            598.8972118673581,
            592.1170278551953,
            585.3368438430325,
            578.5566598308696,
            571.7764758187067,
            564.9962918065438,
            558.216107794381,
            551.4359237822181,
            544.6557397700553,
            537.8755557578925,
            531.0953717457296,
            524.3151877335666,
            517.5350037214038,
            510.75481970924085,
            503.974635697078,
            497.1944516849152,
            490.4142676727522,
            483.6340836605894,
            476.85389964842653,
            470.0737156362636,
            463.29353162410075,
            456.5133476119379,
            449.733163599775,
            442.9529795876121,
            436.1727955754492,
            429.3926115632863,
            422.6124275511234,
            415.83224353896054,
            409.0520595267976,
            402.27187551463476,
            395.4916915024719,
            388.71150749030903,
            381.93132347814617,
            375.1511394659833,
            368.3709554538204,
            361.5907714416575,
            354.81058742949466,
            348.0304034173318,
            341.25021940516893,
            334.47003539300607,
            327.6898513808432,
            320.90966736868035,
            314.1294833565174,
            307.3492993443546,
            300.5691153321917,
            293.78893132002884,
            287.00874730786603,
            280.22856329570317,
            273.44837928354025,
            266.66819527137744,
            259.88801125921447,
            253.10782724705163,
            246.3276432348888,
            239.54745922272588,
            232.76727521056299,
            225.9870911984001,
            219.2069071862373,
            212.42672317407445,
            205.6465391619116,
            198.8663551497487,
            192.08617113758584,
            185.30598712542297,
            178.5258031132601,
            171.74561910109728,
            164.9654350889344,
            158.18525107677155,
            151.4299454181669,
            144.8587355899081,
            138.72430248723236,
            133.22188649051722,
            128.3992350004794,
            124.23978231209622,
            120.71506328958223,
            117.80167365925618,
            115.48377432063248,
            113.75162811729567,
            112.59960741636759,
            112.02454665686092,
            112.02454665616727,
            112.59814986048356,
            113.74378504304161,
            115.45939911311125,
            117.7422167096507,
            120.58858668515413,
            123.99388775590118,
            127.95247460572841,
            132.45765179403642,
            137.5016668813118,
            143.0757169118426,
            149.1699642315121,
            155.77355886539414,
            162.87466553108837,
            170.46049394856772,
            178.51733151150725,
            187.03057766587239,
            195.98477953745842,
            205.36366848718882,
            215.15019736911572,
            225.3265783334767,
            235.8743210643512,
            246.77427137434887,
            258.00665010151863,
            269.55109226922673,
            281.3866864802053,
            293.4920145228068,
            305.8451911717813,
            318.42390416839226,
            331.20545436594875,
            344.1667960272691,
            357.28457726047736,
            370.5351805790933,
            383.89476357175283,
            397.3392996661969,
            410.8446189714827,
            424.38644918174305
        ]
    ],
    "wingspan": [
        4.444052811731188
    ],
    "chordlen": [
        0.3099999900005789
    ],
    "struct_aoa": [
        7.000000064448787
    ],
    "alpha_cruise": [
        -1.87269446423828
    ],
    "hstab_AR": [
        11.000000075
    ],
    "hstab_aoa": [
        1.2940797984095616
    ],
    "boom_length": [
        1.1396913124794914
    ]
}