{
    "airspeed": [
        13.284053233954452
    ],
    "togw_max": [
        7.000000069981321
    ],
    "power_out_max": [
        687.7746731135854
    ],
    "thrust_cruise": [
        3.217436111645445
    ],
    "propeller_diameter": [
        0.6941318520864427
    ],
    "solar_panels_n": [
        57.01867938488384
    ],
    "battery_capacity": [
        849.4229769368717
    ],
    "battery_states": [
        [
            480.86048176968416,
            496.20893127147,
            511.5435728242563,
            526.8368137663346,
            542.0611311347185,
            557.1891180972176,
            572.1935303342116,
            587.0473323506359,
            601.7237436992699,
            616.1962850971285,
            630.438824417544,
            644.4256225413078,
            658.1313790509525,
            671.5312777527557,
            684.6010320111737,
            697.3169298799195,
            709.6558790124656,
            721.595451331923,
            733.1139274353862,
            744.1903407000935,
            754.8045210468902,
            764.9371382988447,
            774.5697450470635,
            783.68481889845,
            792.2658039266547,
            800.2971510710163,
            807.7643571192857,
            814.6540017544476,
            820.9537819237997,
            826.6525424700362,
            831.740301505752,
            836.2082683496272,
            840.0488508773373,
            843.2556477264133,
            845.8234187098915,
            847.7480236967394,
            849.0244396090152,
            849.413523346823,
            849.3374118283549,
            848.6645136114324,
            847.3374371979181,
            845.3525422477057,
            842.7034474497501,
            839.3791116035538,
            835.3615743645672,
            830.6242970527913,
            825.135002352552,
            818.8749060045927,
            811.8981499577576,
            804.426122068309,
            796.745343401238,
            789.0363545588389,
            781.3273657164397,
            773.6183768740406,
            765.9093880316415,
            758.2003991892423,
            750.491410346843,
            742.782421504444,
            735.0734326620449,
            727.3644438196457,
            719.6554549772464,
            711.9464661348472,
            704.2374772924481,
            696.528488450049,
            688.8194996076498,
            681.1105107652506,
            673.4015219228517,
            665.6925330804524,
            657.9835442380534,
            650.2745553956541,
            642.5655665532549,
            634.8565777108558,
            627.1475888684566,
            619.4386000260575,
            611.7296111836583,
            604.0206223412592,
            596.31163349886,
            588.6026446564609,
            580.8936558140617,
            573.1846669716625,
            565.4756781292635,
            557.7666892868643,
            550.0577004444651,
            542.348711602066,
            534.6397227596668,
            526.9307339172677,
            519.2217450748685,
            511.51275623246937,
            503.80376739007033,
            496.09477854767124,
            488.3857897052721,
            480.67680086287305,
            472.96781202047396,
            465.2588231780748,
            457.54983433567577,
            449.84084549327673,
            442.13185665087764,
            434.42286780847843,
            426.7138789660794,
            419.00489012368024,
            411.2959012812812,
            403.5869124388821,
            395.877923596483,
            388.1689347540839,
            380.4599459116848,
            372.7509570692858,
            365.04196822688664,
            357.3329793844876,
            349.62399054208845,
            341.91500169968936,
            334.2060128572903,
            326.49702401489117,
            318.7880351724921,
            311.079046330093,
            303.3700574876939,
            295.6610686452948,
            287.95207980289575,
            280.2430909604966,
            272.5341021180975,
            264.8251132756984,
            257.1161244332993,
            249.40713559090022,
            241.6981467485011,
            233.98915790610198,
            226.28016906370289,
            218.57118022130373,
            210.8621913789046,
            203.15320253650543,
            195.44421369410634,
            187.73522485170722,
            180.0262360093081,
            172.34545734223715,
            164.8734294527886,
            157.89667340595344,
            151.6365770579941,
            146.14728235775496,
            141.41000504597903,
            137.39246780699236,
            134.06813196079614,
            131.4190371628406,
            129.4341422126284,
            128.1070657992017,
            127.43421841531053,
            127.41344653121106,
            128.04309739089447,
            129.32138934178852,
            131.24599433395494,
            133.81376531743314,
            137.02056216650905,
            140.86114469421912,
            145.32911153809437,
            150.41687057381017,
            156.1156311200466,
            162.41541128939866,
            169.30505592456055,
            176.7722619728299,
            184.80360911719154,
            193.3845941453962,
            202.4996679967826,
            212.1322747450014,
            222.26489199695604,
            232.87907234375257,
            243.95548560845987,
            255.47396171192318,
            267.4135340313805,
            279.75248316392674,
            292.4683810326724,
            305.5381352910904,
            318.9380339928936,
            332.64379050253837,
            346.6305886263022,
            360.8731279467177,
            375.3456693445762,
            390.0220806932102,
            404.8758827096347,
            419.88029494662857,
            435.0082819091276,
            450.2325992775117,
            465.5258402195899,
            480.86048177237615
        ]
    ],
    "wingspan": [
        5.250044083591647
    ],
    "chordlen": [
        0.35999999000150174
    ],
    "struct_aoa": [
        6.004399519823346
    ],
    "cg_le_dist": [
        0.04499981112475461
    ],
    "hstab_span": [
        0.2999999950148629
    ],
    "hstab_chordlen": [
        0.14999999800775385
    ],
    "hstab_aoa": [
        4.6671187290047055e-08
    ],
    "boom_length": [
        0.9999999800390048
    ]
}