{
    "airspeed": [
        11.90963708143629
    ],
    "thrust": [
        2.983364247699103
    ],
    "power_out_max": [
        40.390993607350126
    ],
    "wingspan": [
        6.238459605905591
    ],
    "chordlen": [
        0.3261274024759916
    ],
    "struct_aoa": [
        7.000000069984726
    ],
    "cg_le_dist": [
        0.04076577227836573
    ],
    "hstab_span": [
        0.2999999950194766
    ],
    "hstab_chordlen": [
        0.14999999800880703
    ],
    "hstab_aoa": [
        5.000000043639589
    ],
    "boom_length": [
        0.9999999800630096
    ],
    "propeller_diameter": [
        1.017508679781276
    ],
    "motor_rpm": [
        6000.000030000007
    ],
    "motor_kv": [
        250.0000005
    ],
    "n_solar_panels": [
        47.988150891209564
    ],
    "battery_capacity": [
        714.9291264590219
    ],
    "battery_states": [
        [
            404.7034640531634,
            417.6209237719677,
            430.52676242295274,
            443.39775742664386,
            456.21074486351523,
            468.942658552224,
            481.57056908551317,
            494.07172280737825,
            506.42358071558266,
            518.6038572742094,
            530.5905591215889,
            542.3620236596091,
            553.8969575110098,
            565.174474831682,
            576.1741354651078,
            586.875982925647,
            597.2605821961871,
            607.3090573232762,
            617.0031287887786,
            626.3251506305703,
            635.2581472748149,
            643.78585002751,
            651.8927331512814,
            659.5640494220095,
            666.7858650148431,
            673.5450935048198,
            679.8295286755674,
            685.6278756987087,
            690.9297800596208,
            695.7258533372142,
            700.0076945596647,
            703.7679052998925,
            707.000095862247,
            709.6988787219487,
            711.859843624579,
            713.4795061003766,
            714.5528678727701,
            714.9096221031504,
            714.8395433226978,
            714.2729923839622,
            713.1559696742725,
            711.4853126919329,
            709.2556507859564,
            706.4576914437627,
            703.0763188518395,
            699.0891974844611,
            694.4691620562925,
            689.2004033294254,
            683.3284883362554,
            677.0397418736112,
            670.5753062521985,
            664.0871283385246,
            657.5989504248507,
            651.1107725111766,
            644.6225945975026,
            638.1344166838287,
            631.6462387701547,
            625.1580608564807,
            618.6698829428067,
            612.1817050291328,
            605.6935271154587,
            599.2053492017848,
            592.7171712881108,
            586.2289933744366,
            579.7408154607627,
            573.2526375470887,
            566.7644596334147,
            560.2762817197407,
            553.7881038060668,
            547.2999258923927,
            540.8117479787188,
            534.3235700650448,
            527.8353921513708,
            521.3472142376968,
            514.8590363240229,
            508.3708584103489,
            501.8826804966749,
            495.39450258300093,
            488.906324669327,
            482.41814675565297,
            475.9299688419791,
            469.4417909283052,
            462.95361301463123,
            456.46543510095734,
            449.9772571872834,
            443.4890792736094,
            437.0009013599354,
            430.5127234462614,
            424.0245455325875,
            417.5363676189136,
            411.0481897052396,
            404.5600117915657,
            398.0718338778918,
            391.5836559642178,
            385.0954780505439,
            378.6073001368699,
            372.11912222319603,
            365.6309443095221,
            359.1427663958481,
            352.6545884821742,
            346.1664105685002,
            339.67823265482633,
            333.19005474115244,
            326.7018768274785,
            320.21369891380454,
            313.7255210001306,
            307.23734308645663,
            300.74916517278274,
            294.2609872591088,
            287.77280934543484,
            281.2846314317609,
            274.79645351808693,
            268.30827560441304,
            261.82009769073915,
            255.3319197770651,
            248.8437418633912,
            242.3555639497172,
            235.86738603604326,
            229.37920812236925,
            222.89103020869527,
            216.4028522950213,
            209.91467438134737,
            203.4264964676734,
            196.93831855399944,
            190.4501406403255,
            183.96196272665148,
            177.47378481297753,
            170.98560689930358,
            164.4974289856296,
            158.00925107195565,
            151.5210731582817,
            145.05663753686915,
            138.76789107422476,
            132.89597608105493,
            127.62721735418785,
            123.00718192601919,
            119.02006055864081,
            115.63868796671754,
            112.84072862452392,
            110.6110667185473,
            108.94040973620763,
            107.82338702851,
            107.25697758870021,
            107.23936895967812,
            107.76917014632423,
            108.84488167139021,
            110.46454419781453,
            112.62550910044476,
            115.32429196014648,
            118.55648252250086,
            122.31669326272868,
            126.59853448517921,
            131.39460776277258,
            136.69651212368456,
            142.49485914682606,
            148.77929431757363,
            155.53852280755024,
            162.76033840038392,
            170.431654671112,
            178.5385377948834,
            187.06624054757853,
            195.9992371918231,
            205.32125903361487,
            215.01533049911723,
            225.06380562620626,
            235.44840489674635,
            246.15025235728552,
            257.1499129907113,
            268.4274303113837,
            279.9623641627842,
            291.7338287008045,
            303.72053054818394,
            315.9008071068106,
            328.25266501501494,
            340.7538187368801,
            353.38172927016933,
            366.113642958878,
            378.9266303957495,
            391.7976253994406,
            404.7034640504257
        ]
    ]
}