{
    "airspeed": [
        11.575401513361431
    ],
    "togw_max": [
        7.317658818788238
    ],
    "power_out_max": [
        456.45097026361066
    ],
    "thrust_cruise": [
        3.539724732803845
    ],
    "propeller_diameter": [
        0.6941318521057886
    ],
    "solar_panels_n": [
        55.80500406580735
    ],
    "battery_capacity": [
        831.2429386378424
    ],
    "battery_states": [
        [
            470.6382484914008,
            485.66077786665033,
            500.66979320302016,
            515.6382891644445,
            530.5393286300024,
            545.3460881376577,
            560.0319032787714,
            574.5703140243098,
            588.9351099642429,
            603.1003754423228,
            617.0405345691978,
            630.7303960975858,
            644.1451981439272,
            657.2606527414275,
            670.052990209521,
            682.4990033243078,
            694.5760912731112,
            706.2623033735323,
            717.5363825326233,
            728.3778084142226,
            738.7668402708877,
            748.6845593795989,
            758.1129109951493,
            767.0347456986367,
            775.4338599661079,
            783.2950357075821,
            790.604078420008,
            797.3478534455211,
            803.5143196089577,
            809.0925591969383,
            814.0728027922607,
            818.4464468283027,
            822.2060607834638,
            825.3453795519498,
            827.859274487184,
            829.7436935575826,
            830.9874667615408,
            831.2402840260658,
            831.1619069521397,
            830.5041000835686,
            829.2060516842168,
            827.2641867933613,
            824.6722599297682,
            821.4194649112304,
            817.488223689441,
            812.8525624754382,
            807.4808909947387,
            801.3548248218262,
            794.5273534630867,
            787.2151524071868,
            779.6986439537881,
            772.1545257948352,
            764.6104076358826,
            757.0662894769297,
            749.5221713179769,
            741.9780531590242,
            734.4339350000714,
            726.8898168411185,
            719.3456986821658,
            711.801580523213,
            704.2574623642604,
            696.7133442053075,
            689.1692260463549,
            681.625107887402,
            674.0809897284491,
            666.5368715694965,
            658.9927534105436,
            651.448635251591,
            643.9045170926381,
            636.3603989336854,
            628.8162807747326,
            621.2721626157798,
            613.7280444568271,
            606.1839262978742,
            598.6398081389215,
            591.0956899799688,
            583.551571821016,
            576.0074536620631,
            568.4633355031104,
            560.9192173441576,
            553.3750991852049,
            545.8309810262521,
            538.2868628672994,
            530.7427447083465,
            523.1986265493938,
            515.654508390441,
            508.1103902314882,
            500.5662720725355,
            493.0221539135827,
            485.4780357546299,
            477.93391759567714,
            470.38979943672433,
            462.8456812777715,
            455.3015631188187,
            447.757444959866,
            440.21332680091314,
            432.6692086419603,
            425.12509048300757,
            417.58097232405476,
            410.03685416510194,
            402.49273600614924,
            394.9486178471965,
            387.40449968824373,
            379.8603815292909,
            372.31626337033816,
            364.77214521138535,
            357.2280270524326,
            349.68390889347984,
            342.139790734527,
            334.59567257557427,
            327.0515544166215,
            319.50743625766876,
            311.963318098716,
            304.4191999397632,
            296.8750817808104,
            289.3309636218576,
            281.78684546290486,
            274.24272730395205,
            266.6986091449993,
            259.15449098604654,
            251.61037282709378,
            244.06625466814106,
            236.5221365091883,
            228.97801835023554,
            221.4339001912828,
            213.88978203233003,
            206.34566387337733,
            198.80154571442458,
            191.25742755547182,
            183.71330939651907,
            176.16919123756634,
            168.65268278416744,
            161.3404817282676,
            154.5130103695281,
            148.3869441966157,
            143.01527271591632,
            138.37961150191342,
            134.4483702801241,
            131.1955752615864,
            128.60364839799337,
            126.66178350713784,
            125.36373510792858,
            124.70599009783774,
            124.6864407862383,
            125.30346959698164,
            126.5553328009932,
            128.439751902214,
            130.9536468374482,
            134.092965605934,
            137.8525795610951,
            142.22622359713714,
            147.20646719245954,
            152.78470678044002,
            158.9511729438766,
            165.6949479693896,
            173.00399068181548,
            180.8651664232898,
            189.2642806907608,
            198.18611539424845,
            207.61446700979872,
            217.5321861185099,
            227.921217975175,
            238.76264385677436,
            250.03672301586542,
            261.7229351162865,
            273.80002306509,
            286.2460361798767,
            299.0383736479701,
            312.15382824547055,
            325.568630291812,
            339.2584918202,
            353.198650947075,
            367.3639164251549,
            381.72871236508786,
            396.2671231106263,
            410.95293825174,
            425.7596977593953,
            440.66073722495327,
            455.6292331863776,
            470.63824852274746
        ]
    ],
    "wingspan": [
        6.931213781336202
    ],
    "chordlen": [
        0.40948288318029125
    ],
    "struct_aoa": [
        5.9467049657627955
    ],
    "hstab_AR": [
        11.000000075005607
    ],
    "hstab_aoa": [
        4.98723908979267e-08
    ],
    "boom_length": [
        0.9813900443812817
    ]
}