{
    "airspeed": [
        8.296801977339141
    ],
    "togw_max": [
        6.972445061281331
    ],
    "thrust_cruise": [
        0.7417773086754366
    ],
    "power_out_max": [
        473.70650089044295
    ],
    "wingspan": [
        1.99999998001
    ],
    "chordlen": [
        0.3516900456499343
    ],
    "struct_aoa": [
        4.9638333075728305
    ],
    "cg_le_dist": [
        0.04396107685995762
    ],
    "hstab_span": [
        0.44645382643794235
    ],
    "hstab_chordlen": [
        0.19688993156453796
    ],
    "hstab_aoa": [
        -2.3315377137647673
    ],
    "boom_length": [
        1.2629350319775936
    ],
    "propeller_diameter": [
        0.304913439414495
    ],
    "motor_rpm": [
        6000.00003
    ],
    "solar_panels_n": [
        20.697075519375826
    ],
    "battery_capacity": [
        1122.2283533856537
    ],
    "battery_states": [
        [
            1029.1223062685938,
            1035.3920063978783,
            1041.656694412426,
            1047.9063545172498,
            1054.130996217137,
            1060.3206711709167,
            1066.465490027473,
            1072.5556392364197,
            1078.581397826585,
            1084.5331541456906,
            1090.401422554907,
            1096.1768600722544,
            1101.8502829590584,
            1107.412683243877,
            1112.8552451783382,
            1118.169361619163,
            1122.2283519948498,
            1122.228353385654,
            1122.228353385654,
            1122.228353385654,
            1122.228353385654,
            1122.228353385654,
            1122.228353385654,
            1122.228353385654,
            1122.228353385654,
            1122.228353385654,
            1122.228353385654,
            1122.228353385654,
            1122.228353385654,
            1122.2283533856535,
            1122.2283533856528,
            1122.228353385645,
            1122.228353385572,
            1122.2283533848379,
            1122.2283533773561,
            1122.2283532999775,
            1122.228352490847,
            1122.2283439612268,
            1122.2282535133836,
            1122.227292414622,
            1122.2174004130845,
            1122.14115880317,
            1121.875009000857,
            1121.366700847435,
            1120.6067872620172,
            1119.5856169396075,
            1118.2914736046905,
            1116.7175388034434,
            1114.8834653937724,
            1112.8696144298024,
            1110.7799895149833,
            1108.6801246553694,
            1106.5802597957552,
            1104.4803949361412,
            1102.380530076527,
            1100.2806652169131,
            1098.180800357299,
            1096.080935497685,
            1093.981070638071,
            1091.8812057784567,
            1089.7813409188427,
            1087.681476059229,
            1085.5816111996146,
            1083.4817463400007,
            1081.3818814803865,
            1079.2820166207725,
            1077.1821517611586,
            1075.0822869015446,
            1072.9824220419305,
            1070.8825571823163,
            1068.7826923227024,
            1066.6828274630884,
            1064.5829626034742,
            1062.4830977438603,
            1060.3832328842464,
            1058.2833680246322,
            1056.1835031650182,
            1054.083638305404,
            1051.9837734457901,
            1049.883908586176,
            1047.784043726562,
            1045.684178866948,
            1043.584314007334,
            1041.48444914772,
            1039.384584288106,
            1037.2847194284918,
            1035.1848545688779,
            1033.0849897092635,
            1030.9851248496495,
            1028.8852599900358,
            1026.7853951304214,
            1024.6855302708075,
            1022.5856654111936,
            1020.4858005515797,
            1018.3859356919659,
            1016.2860708323519,
            1014.1862059727379,
            1012.0863411131239,
            1009.98647625351,
            1007.8866113938961,
            1005.786746534282,
            1003.6868816746679,
            1001.587016815054,
            999.4871519554401,
            997.3872870958262,
            995.2874222362123,
            993.1875573765984,
            991.0876925169845,
            988.9878276573704,
            986.8879627977565,
            984.7880979381425,
            982.6882330785287,
            980.5883682189148,
            978.4885033593007,
            976.388638499687,
            974.288773640073,
            972.188908780459,
            970.089043920845,
            967.989179061231,
            965.8893142016173,
            963.7894493420031,
            961.6895844823893,
            959.5897196227753,
            957.4898547631612,
            955.3899899035473,
            953.2901250439334,
            951.1902601843193,
            949.0903953247054,
            946.9905304650916,
            944.8906656054778,
            942.7908007458636,
            940.7011758310446,
            938.6873248670746,
            936.8532514574036,
            935.2793166561563,
            933.9851733212394,
            932.9640029988303,
            932.2040894224829,
            931.6957993795373,
            931.4326134870207,
            931.4105239256892,
            931.6272143585766,
            932.0813818389389,
            932.7722446621106,
            933.6992028980982,
            934.86160982905,
            936.2586204016276,
            937.8890922756111,
            939.7515226365647,
            941.8440093614199,
            944.164228834761,
            946.7094252093428,
            949.4764075765522,
            952.4615526346981,
            955.660811199624,
            959.0697174153396,
            962.6833998727246,
            966.4965940850809,
            970.5036559356689,
            974.6985758279559,
            979.0749933499307,
            983.6262123202873,
            988.3452161238383,
            993.2246832712746,
            998.2570031378091,
            1003.4342918487704,
            1008.7484082895955,
            1014.1909702240566,
            1019.753370508875,
            1025.426793395679,
            1031.2022309130266,
            1037.070499322243,
            1043.0222556413482,
            1049.0480142315137,
            1055.1381634404604,
            1061.2829822970166,
            1067.4726572507966,
            1073.6972989506837,
            1079.9469590555073,
            1086.2116470700553
        ]
    ]
}