{
    "airspeed": [
        10.141134396445409
    ],
    "thrust": [
        2.2847263162925113
    ],
    "power_out_max": [
        26.45417373161728
    ],
    "wingspan": [
        6.533459108024946
    ],
    "chordlen": [
        0.32612740247476407
    ],
    "struct_aoa": [
        7.000000069982891
    ],
    "cg_le_dist": [
        0.04076592530934551
    ],
    "hstab_span": [
        0.2999999950216893
    ],
    "hstab_chordlen": [
        0.14999999800946648
    ],
    "hstab_aoa": [
        5.000000043078171
    ],
    "boom_length": [
        0.9999999900557743
    ],
    "propeller_diameter": [
        0.9551279731323563
    ],
    "motor_rpm": [
        6000.00004
    ],
    "motor_kv": [
        250.0000005
    ],
    "n_solar_panels": [
        50.25737783079541
    ],
    "battery_cap": [
        464.5006726780956
    ],
    "battery_states": [
        [
            464.5006726780956,
            464.5006726780956,
            464.5006726780956,
            464.5006726780956,
            464.5006726780956,
            464.5006726780956,
            464.5006726780956,
            464.5006726780956,
            464.5006726780956,
            464.5006726780956,
            464.5006726780956,
            464.5006726780956,
            464.5006726780956,
            464.5006726780956,
            464.5006726780956,
            464.5006726780956,
            464.5006726780956,
            464.5006726780956,
            464.5006726780956,
            464.5006726780956,
            464.5006726780956,
            464.5006726780956,
            464.5006726780956,
            464.50067263732944,
            463.9556687337391,
            461.31191492173,
            456.4137902443665,
            449.2757445756404,
            441.0057140091761,
            432.6531870451038,
            424.3006600810315,
            415.94813311695907,
            407.5956061528869,
            399.24307918881453,
            390.89055222474224,
            382.53802526066994,
            374.1854982965977,
            365.8329713325254,
            357.4804443684531,
            349.12791740438087,
            340.7753904403086,
            332.42286347623633,
            324.07033651216403,
            315.71780954809174,
            307.3652825840195,
            299.0127556199472,
            290.66022865587496,
            282.30770169180266,
            273.95517472773037,
            265.60264776365807,
            257.2501207995858,
            248.89759383551353,
            240.5450668714413,
            232.192539907369,
            223.8400129432967,
            215.48748597922446,
            207.1349590151521,
            198.78243205107984,
            190.42990508700754,
            182.0773781229353,
            173.724851158863,
            165.37232419479074,
            157.01979723071844,
            148.66727026664617,
            140.3147433025739,
            131.9622163385016,
            123.60968937442931,
            115.25716241035707,
            106.90463544628477,
            98.55210848221249,
            90.19958151814022,
            81.84705455406792,
            73.49452758999566,
            65.22449702353144,
            58.08645135480523,
            53.18832667744178,
            50.54457286543273,
            49.99999950085618,
            51.471282434880216,
            54.92587545194986,
            60.35119278047766,
            67.73732173544994,
            77.06855185411908,
            88.31946810852345,
            101.45332759784742,
            116.42158681386667,
            133.1640184645296,
            151.60913593397478,
            171.6747812707294,
            193.2688019965695,
            216.28977764994687,
            240.62777553172955,
            266.1651248604721,
            292.77720364703725,
            320.33323522860144,
            348.6970927050197,
            377.7281101129799,
            407.28189939238683,
            437.2111722312086,
            464.5006726780956
        ]
    ]
}