{
    "airspeed": [
        11.681400499010547
    ],
    "togw_max": [
        7.990893711674649
    ],
    "power_out_max": [
        545.7841168422393
    ],
    "thrust_cruise": [
        2.854907245556061
    ],
    "propeller_diameter": [
        0.6080934780029817
    ],
    "solar_panels_n": [
        46.124619105230906
    ],
    "battery_capacity": [
        685.0561435578031
    ],
    "battery_states": [
        [
            387.98599888272906,
            400.418757585693,
            412.8403465036829,
            425.2284448634866,
            437.5607882738894,
            449.8152062863764,
            461.96965991514844,
            474.0022791006807,
            485.89140010153164,
            497.61560279967966,
            509.1537479052996,
            520.4850140475285,
            531.5889347383405,
            542.4454351970593,
            553.034869023139,
            563.338054704441,
            573.3363119470811,
            583.011497810624,
            592.3460426284793,
            601.3229856870838,
            609.9260106278621,
            618.1394805216919,
            625.9484725447217,
            633.3388121542205,
            640.2971066198581,
            646.8107777039731,
            652.868093196209,
            658.4581968821234,
            663.5711363456691,
            668.1978877478628,
            672.3303763532062,
            675.9614910389597,
            679.0850902415788,
            681.695995650923,
            683.789967959704,
            685.0516287621881,
            685.0561407017849,
            685.0556261433308,
            684.986569797741,
            684.458825720905,
            683.402105363849,
            681.8132501098939,
            679.6870978627882,
            677.014716967627,
            673.7815786057791,
            669.9662146106774,
            665.5425146109965,
            660.495283291574,
            654.8683181727139,
            648.8407084696485,
            642.6442321739222,
            636.4249355742895,
            630.2056389746568,
            623.986342375024,
            617.7670457753915,
            611.5477491757588,
            605.3284525761262,
            599.1091559764935,
            592.8898593768608,
            586.670562777228,
            580.4512661775954,
            574.2319695779627,
            568.01267297833,
            561.7933763786974,
            555.5740797790647,
            549.354783179432,
            543.1354865797994,
            536.9161899801667,
            530.696893380534,
            524.4775967809014,
            518.2583001812686,
            512.0390035816359,
            505.81970698200325,
            499.60041038237046,
            493.38111378273766,
            487.161817183105,
            480.9425205834723,
            474.7232239838395,
            468.5039273842068,
            462.284630784574,
            456.0653341849413,
            449.8460375853085,
            443.6267409856757,
            437.4074443860429,
            431.1881477864102,
            424.9688511867774,
            418.7495545871446,
            412.53025798751185,
            406.3109613878791,
            400.09166478824636,
            393.8723681886136,
            387.6530715889809,
            381.43377498934814,
            375.21447838971545,
            368.9951817900827,
            362.77588519044997,
            356.5565885908172,
            350.3372919911845,
            344.11799539155174,
            337.898698791919,
            331.67940219228626,
            325.4601055926536,
            319.24080899302083,
            313.0215123933881,
            306.80221579375535,
            300.5829191941226,
            294.36362259448987,
            288.1443259948571,
            281.9250293952244,
            275.70573279559164,
            269.4864361959589,
            263.26713959632616,
            257.0478429966935,
            250.8285463970607,
            244.60924979742794,
            238.3899531977952,
            232.17065659816245,
            225.9513599985297,
            219.73206339889697,
            213.5127667992642,
            207.29347019963146,
            201.07417359999872,
            194.85487700036597,
            188.63558040073326,
            182.4162838011005,
            176.19698720146775,
            169.97769060183504,
            163.75839400220232,
            157.53909740256955,
            151.31980080293684,
            145.1005042033041,
            138.90402790757776,
            132.8764182045124,
            127.24945308565225,
            122.20222176622977,
            117.77852176654886,
            113.96315777144707,
            110.73001940959935,
            108.05763851443812,
            105.9314862673324,
            104.34263101337724,
            103.28591066287684,
            102.75842152433103,
            102.75842152408536,
            103.28457368376358,
            104.33543675556476,
            105.90912748968704,
            108.0031001154758,
            110.61400552482006,
            113.73760472743899,
            117.36871941319254,
            121.50120801853603,
            126.12795942072981,
            131.24089888427545,
            136.83100257018995,
            142.88831806242567,
            149.40198914654067,
            156.36028361217836,
            163.75062322167727,
            171.55961524470698,
            179.77308513853677,
            188.37611007931505,
            197.35305313791955,
            206.687597955775,
            216.3627838193178,
            226.3610410619579,
            236.66422674325997,
            247.25366056933956,
            258.1101610280583,
            269.2140817188702,
            280.54534786109923,
            292.0834929667193,
            303.80769566486725,
            315.69681666571813,
            327.72943585125046,
            339.88388948002245,
            352.1383074925095,
            364.4706509029124,
            376.8587492627161,
            389.280338180706
        ]
    ],
    "wingspan": [
        5.375550374975533
    ],
    "chordlen": [
        0.31481027208701695
    ],
    "struct_aoa": [
        5.073457935239074
    ],
    "hstab_AR": [
        11.000000074999999
    ],
    "hstab_aoa": [
        -0.7268280847441023
    ],
    "boom_length": [
        1.173871840545322
    ]
}