{
    "airspeed": [
        12.384036781392322
    ],
    "togw_max": [
        7.000000069990289
    ],
    "thrust_cruise": [
        3.1370022700292575
    ],
    "power_out_max": [
        640.1807122922177
    ],
    "wingspan": [
        5.955990033360912
    ],
    "chordlen": [
        0.3599999900008891
    ],
    "struct_aoa": [
        6.07982014329154
    ],
    "cg_le_dist": [
        0.04499981112507694
    ],
    "hstab_span": [
        0.2999999950104261
    ],
    "hstab_chordlen": [
        0.14999999800533295
    ],
    "hstab_aoa": [
        4.762348163069527e-08
    ],
    "boom_length": [
        0.9999999800245561
    ],
    "propeller_diameter": [
        0.6941318521021657
    ],
    "solar_panels_n": [
        52.76142017799287
    ],
    "battery_capacity": [
        785.9836555578602
    ],
    "battery_states": [
        [
            444.96157744877564,
            459.1642365837531,
            473.3541187304379,
            487.5056914136141,
            501.59348665278304,
            515.5921439274174,
            529.4764530956752,
            543.2213972485331,
            556.8021954818445,
            570.1943455694854,
            583.3736665214695,
            596.3163410116466,
            608.9989576602528,
            621.398553157048,
            633.4926542108855,
            645.2593193111094,
            656.6771802848481,
            667.7254836316469,
            678.3841316123953,
            688.6337230623315,
            698.4555938869377,
            707.8318571832168,
            716.7454429049604,
            725.1801369561099,
            733.1206195467998,
            740.5525025759421,
            747.4623657033312,
            753.8377906303919,
            759.6673929031153,
            764.9408502560947,
            769.6489260924598,
            773.7834860808691,
            777.3375049575694,
            780.3050593132751,
            782.681300215861,
            784.4623966344278,
            785.6420956776054,
            785.9750768984488,
            785.8995865811886,
            785.2770821623437,
            784.0492816827576,
            782.2127782207107,
            779.7616669208991,
            776.68573096622,
            772.9683510084956,
            768.5849698594243,
            763.5057201661864,
            757.7132201829033,
            751.2575693882557,
            744.3436258714271,
            737.2365178055521,
            730.1033058570573,
            722.9700939085627,
            715.836881960068,
            708.7036700115733,
            701.5704580630786,
            694.4372461145839,
            687.3040341660892,
            680.1708222175946,
            673.0376102690999,
            665.9043983206053,
            658.7711863721106,
            651.6379744236159,
            644.5047624751212,
            637.3715505266265,
            630.2383385781318,
            623.1051266296372,
            615.9719146811424,
            608.8387027326479,
            601.7054907841532,
            594.5722788356585,
            587.4390668871637,
            580.3058549386691,
            573.1726429901745,
            566.0394310416797,
            558.906219093185,
            551.7730071446904,
            544.6397951961957,
            537.506583247701,
            530.3733712992063,
            523.2401593507116,
            516.1069474022169,
            508.9737354537222,
            501.84052350522757,
            494.70731155673286,
            487.57409960823816,
            480.4408876597434,
            473.3076757112488,
            466.17446376275416,
            459.04125181425934,
            451.9080398657647,
            444.77482791727,
            437.6416159687753,
            430.5084040202805,
            423.37519207178593,
            416.24198012329117,
            409.10876817479647,
            401.97555622630176,
            394.8423442778072,
            387.7091323293124,
            380.57592038081776,
            373.44270843232306,
            366.30949648382835,
            359.1762845353337,
            352.04307258683906,
            344.90986063834436,
            337.7766486898497,
            330.64343674135495,
            323.5102247928603,
            316.37701284436565,
            309.243800895871,
            302.11058894737624,
            294.9773769988816,
            287.8441650503869,
            280.71095310189224,
            273.57774115339754,
            266.4445292049029,
            259.3113172564082,
            252.1781053079135,
            245.04489335941878,
            237.9116814109241,
            230.77846946242948,
            223.64525751393475,
            216.51204556544008,
            209.37883361694537,
            202.24562166845067,
            195.112409719956,
            187.97919777146132,
            180.84598582296664,
            173.71277387447194,
            166.57956192597726,
            159.47245386010215,
            152.5585103432737,
            146.10285954862604,
            140.310359565343,
            135.23110987210492,
            130.84772872303355,
            127.13034876530934,
            124.05441281063028,
            121.60330151081853,
            119.76679804877158,
            118.53899756958283,
            117.91657857401212,
            117.89754832408481,
            118.48037746564573,
            119.6634173719468,
            121.4445138152453,
            123.82075471783114,
            126.7883090735368,
            130.34232795023718,
            134.47688793864654,
            139.1849637750116,
            144.45842112799093,
            150.28802340071442,
            156.6634483277751,
            163.57331145516414,
            171.00519448430643,
            178.94567707499655,
            187.38037112614592,
            196.29395684788955,
            205.67022014416878,
            215.49209096877496,
            225.74168241871106,
            236.4003303994595,
            247.44863374625834,
            258.8664947199971,
            270.63315982022107,
            282.7272608740585,
            295.1268563708537,
            307.8094730194599,
            320.7521475096368,
            333.9314684616209,
            347.32361854926194,
            360.90441678257326,
            374.64936093543105,
            388.53367010368885,
            402.5323273783232,
            416.62012261749214,
            430.77169530066834,
            444.9615774473532
        ]
    ]
}