{
    "airspeed": [
        12.136946800133078
    ],
    "thrust": [
        3.0595460767830027
    ],
    "power_out_max": [
        42.26108789144607
    ],
    "wingspan": [
        6.147505805781695
    ],
    "chordlen": [
        0.32612740247481775
    ],
    "struct_aoa": [
        7.00000006998798
    ],
    "cg_le_dist": [
        0.04076577277623554
    ],
    "hstab_span": [
        0.29999999501474633
    ],
    "hstab_chordlen": [
        0.14999999800663585
    ],
    "hstab_aoa": [
        5.000000045063098
    ],
    "boom_length": [
        0.9999999800447086
    ],
    "propeller_diameter": [
        0.985984752764033
    ],
    "motor_rpm": [
        6000.00003
    ],
    "motor_kv": [
        250.0000005
    ],
    "n_solar_panels": [
        42.754215201712015
    ],
    "battery_capacity": [
        757.5390139600997
    ],
    "battery_states": [
        [
            0.5311317382897356,
            0.5450586794486872,
            0.5589719532060796,
            0.572844247758569,
            0.5866483202920894,
            0.6003570429413053,
            0.6139434486992801,
            0.6273807772580628,
            0.640642520761482,
            0.6537024694521315,
            0.6665347571953109,
            0.6791139068634601,
            0.6914148755653318,
            0.7034130997046393,
            0.7150845398530425,
            0.726405725421849,
            0.7373537991153851,
            0.7479065611461907,
            0.7580425131873864,
            0.7677409020298867,
            0.7769817629004078,
            0.7857459623787486,
            0.7940152408272835,
            0.8017722542086951,
            0.8090006151150051,
            0.815684932755305,
            0.8218108515416854,
            0.8273650877589688,
            0.8323354635839543,
            0.8367109374047149,
            0.840481628936823,
            0.8436388369769655,
            0.8461750466790323,
            0.8480839218383206,
            0.8493602756063356,
            0.8500000099986045,
            0.8500000099979917,
            0.8493579712514719,
            0.8480721302413213,
            0.8461408510344237,
            0.8435620020212776,
            0.8403320302312725,
            0.8364446193071176,
            0.8318888404337585,
            0.8266469160802161,
            0.8206925776966566,
            0.8139938765096177,
            0.8065322194598212,
            0.7983611973996143,
            0.789699944737153,
            0.7808320661157133,
            0.7719362644628172,
            0.763040462809921,
            0.7541446611570248,
            0.7452488595041287,
            0.7363530578512326,
            0.7274572561983365,
            0.7185614545454403,
            0.7096656528925441,
            0.700769851239648,
            0.6918740495867518,
            0.6829782479338556,
            0.6740824462809595,
            0.6651866446280633,
            0.6562908429751673,
            0.6473950413222711,
            0.6384992396693749,
            0.6296034380164788,
            0.6207076363635826,
            0.6118118347106865,
            0.6029160330577903,
            0.5940202314048941,
            0.5851244297519981,
            0.5762286280991019,
            0.5673328264462058,
            0.5584370247933096,
            0.5495412231404134,
            0.5406454214875173,
            0.5317496198346211,
            0.5228538181817249,
            0.5139580165288288,
            0.5050622148759327,
            0.4961664132230365,
            0.48727061157014034,
            0.4783748099172441,
            0.469479008264348,
            0.46058320661145186,
            0.45168740495855575,
            0.44279160330565953,
            0.43389580165276337,
            0.4249999999998672,
            0.41610419834697104,
            0.4072083966940749,
            0.3983125950411787,
            0.38941679338828256,
            0.3805209917353864,
            0.3716251900824903,
            0.3627293884295941,
            0.35383358677669796,
            0.3449377851238018,
            0.3360419834709057,
            0.32714618181800953,
            0.31825038016511337,
            0.3093545785122172,
            0.3004587768593211,
            0.29156297520642493,
            0.28266717355352877,
            0.2737713719006326,
            0.26487557024773645,
            0.25597976859484034,
            0.24708396694194418,
            0.23818816528904801,
            0.22929236363615188,
            0.2203965619832557,
            0.21150076033035956,
            0.2026049586774634,
            0.19370915702456726,
            0.1848133553716711,
            0.17591755371877496,
            0.1670217520658788,
            0.15812595041298266,
            0.1492301487600865,
            0.14033434710719037,
            0.1314385454542942,
            0.12254274380139804,
            0.11364694214850188,
            0.10475114049560573,
            0.09585533884270958,
            0.08695953718981343,
            0.07806373553691728,
            0.06916793388402113,
            0.060300055262581545,
            0.0516388026001202,
            0.04346778053991333,
            0.036006123490116816,
            0.02930742230307785,
            0.0233530839195184,
            0.018111159565975952,
            0.013555380692616997,
            0.00966796976846195,
            0.0064379979784567574,
            0.0038591489653106146,
            0.0019278697584131023,
            0.0006420287482809076,
            -9.99823895595684e-09,
            -9.998542640491769e-09,
            0.0006397243937238749,
            0.0019160781617389199,
            0.0038249533210269982,
            0.006361163023093795,
            0.009518371063236483,
            0.013289062595344613,
            0.017664536416105332,
            0.022634912241090734,
            0.0281891484583742,
            0.03431506724475471,
            0.04099938488505446,
            0.04822774579136442,
            0.055984759172776094,
            0.06425403762131109,
            0.07301823709965181,
            0.082259097970173,
            0.09195748681267324,
            0.10209343885386887,
            0.11264620088467459,
            0.12359427457821062,
            0.13491546014701714,
            0.14658690029542037,
            0.15858512443472783,
            0.17088609313659958,
            0.1834652428047488,
            0.19629753054792815,
            0.20935747923857767,
            0.22261922274199686,
            0.23605655130077957,
            0.24964295705875422,
            0.26335167970797013,
            0.2771557522414905,
            0.29102804679397987,
            0.30494132055137224
        ]
    ]
}