{
  "Meta": {
    "run_id": "run_20251217T070812Z",
    "timestamp_utc": "2025-12-17T07:08:12.059895+00:00"
  },
  "Mission": {
    "mission_date": 100,
    "operating_lat": 37.398928,
    "operating_altitude": 1200
  },
  "Environment": {
    "temperature_K": 314.6118954753899,
    "temperature_F": 106.63141185570174,
    "pressure": 87713.68566656993,
    "density": 0.9712477412534749,
    "speed_of_sound": 355.57620215400374
  },
  "Performance": {
    "alpha_cruise": -1.9098284318780754,
    "airspeed": 11.849173790906011,
    "power_cruise (all motors)": 47.644856690539356,
    "power_cruise (one motor)": 23.822428345269678,
    "power_shaft_cruise (one motor)": 22.561546785128787,
    "thrust_cruise": 2.924794010255151,
    "min_climb_angle": 30,
    "power_out_max": 515.6436590710936,
    "total_mass": 8.275733535969708,
    "togw_design": 8.275733525976468,
    "weight_N": 81.18494588982917,
    "stall_speed": 9.658863171904008,
    "L_over_D": 27.757491842242295
  },
  "Aerodynamics": {
    "CL": 0.8638120168675706,
    "CD": 0.031119959316820985,
    "Cm": -1.4392665482969428e-15,
    "L": 81.18494587989647,
    "D": 2.924794010255151,
    "x_np": 0.2055676867370188,
    "static_margin": 0.48840175553411697
  },
  "Main Wing": {
    "wingspan": 5.445087874048941,
    "chordlen": 0.3099999900007093,
    "struct_defined_aoa": 7.0000000669941125,
    "S_w": 1.3784153455969161,
    "MAC_w": 0.2622179133995668,
    "b_w": 5.474548373974125,
    "main_wing_area": 1.3784153455969161,
    "main_wing_AR": 21.742851307277107,
    "wing_airfoil": "s4110"
  },
  "HStab": {
    "hstab_AR": 11.000000074999999,
    "hstab_aoa": 1.3584192705127471,
    "hstab_area": 0.17015898245328215,
    "hstab_span": 1.3612719685122352,
    "hstab_chordlen": 0.12499999000144896,
    "L_H": 1.062080856705882,
    "V_H_actual": 0.49999999999999994,
    "hstab_airfoil": "naca0010"
  },
  "V Stab": {
    "vstab_AR": 2.0,
    "vstab_area": 0.07105110162990463,
    "vstab_area_total": 0.14210220325980927,
    "vstab_span": 0.376964458881483,
    "vstab_root_chord": 0.251964468880034,
    "L_V": 1.062080856705882,
    "V_V_actual": 0.020000000000000004,
    "vstab_airfoil": "naca0010"
  },
  "Geometry": {
    "cg_le_dist": 0.07749999750017733,
    "boom_y": 0.6806359842561176,
    "boom_length": 1.1395808542060593,
    "boom_radius": 0.01,
    "boom_spacing_frac": 0.25
  },
  "Power": {
    "solar_panels_n": 55.331795459881945,
    "battery_capacity": 821.7869900915184,
    "battery_states": [
      464.91531660259636,
      479.8298432670601,
      494.73097048737645,
      509.59192192410177,
      524.3859888744948,
      539.0865753309077,
      553.6672429903679,
      568.1017561964347,
      582.3641267949812,
      596.4286588862452,
      610.2699934562457,
      623.8631528714294,
      637.1835852210986,
      650.2072084926573,
      662.9104545648373,
      675.270313003583,
      687.2643746438891,
      698.8708749381303,
      710.0687370467159,
      720.837614639379,
      731.1579343639087,
      741.0109379220125,
      750.3787236669544,
      759.2442876014263,
      767.5915636021806,
      775.4054626237782,
      782.6719105280188,
      789.3778840347398,
      795.5114440740967,
      801.061765511431,
      806.0191617710775,
      810.3751022419102,
      814.1222194107779,
      817.2543012979818,
      819.7662627460625,
      821.6306001446605,
      821.7869884907186,
      821.7868087769738,
      821.7175846747184,
      821.0847114974747,
      819.8170536726394,
      817.9110387145993,
      815.360474101669,
      812.1546452846142,
      808.2761232713617,
      803.6991545223818,
      798.392416638627,
      792.3376810886355,
      785.5874880447082,
      778.356675656591,
      770.9232883324338,
      763.4625254242051,
      756.0017625159762,
      748.5409996077475,
      741.0802366995187,
      733.6194737912899,
      726.1587108830612,
      718.6979479748325,
      711.2371850666036,
      703.7764221583749,
      696.315659250146,
      688.8548963419174,
      681.3941334336886,
      673.9333705254598,
      666.4726076172311,
      659.0118447090023,
      651.5510818007737,
      644.0903188925447,
      636.6295559843161,
      629.1687930760872,
      621.7080301678584,
      614.2472672596297,
      606.7865043514009,
      599.3257414431721,
      591.8649785349434,
      584.4042156267146,
      576.9434527184859,
      569.482689810257,
      562.0219269020283,
      554.5611639937996,
      547.1004010855709,
      539.6396381773421,
      532.1788752691132,
      524.7181123608846,
      517.2573494526557,
      509.79658654442693,
      502.33582363619814,
      494.87506072796936,
      487.41429781974057,
      479.9535349115118,
      472.492772003283,
      465.0320090950542,
      457.5712461868255,
      450.1104832785967,
      442.6497203703679,
      435.1889574621391,
      427.72819455391044,
      420.26743164568154,
      412.80666873745287,
      405.3459058292241,
      397.88514292099524,
      390.42438001276645,
      382.9636171045378,
      375.50285419630893,
      368.04209128808026,
      360.5813283798514,
      353.1205654716227,
      345.6598025633939,
      338.19903965516517,
      330.7382767469364,
      323.2775138387076,
      315.8167509304788,
      308.3559880222501,
      300.89522511402134,
      293.43446220579256,
      285.9736992975638,
      278.512936389335,
      271.05217348110625,
      263.59141057287746,
      256.13064766464873,
      248.66988475641995,
      241.2091218481912,
      233.74835893996243,
      226.28759603173364,
      218.8268331235049,
      211.36607021527615,
      203.90530730704742,
      196.44454439881864,
      188.98378149058988,
      181.52301858236112,
      174.0622556741324,
      166.6288683499751,
      159.39805596185812,
      152.64786291793078,
      146.59312736793916,
      141.28638948418435,
      136.7094207352045,
      132.83089872195205,
      129.62506990489723,
      127.07450529196696,
      125.16849033392681,
      123.90083250936992,
      123.26804850575554,
      123.26804850499973,
      123.89922864748289,
      125.15985999039592,
      127.04768335859843,
      129.5596448068465,
      132.69172669405035,
      136.438843862918,
      140.79478433375073,
      145.75218059339718,
      151.30250203073143,
      157.43606207008827,
      164.1420355768094,
      171.40848348104984,
      179.22238250264752,
      187.56965850340177,
      196.43522243787368,
      205.80300818281566,
      215.65601174091938,
      225.97633146544922,
      236.7452090581124,
      247.943071166698,
      259.5495714609391,
      271.5436331012452,
      283.90349153999097,
      296.6067376121709,
      309.6303608837297,
      322.9507932333989,
      336.5439526485826,
      350.3852872185831,
      364.44981930984704,
      378.71218990839355,
      393.1467031144604,
      407.72737077392065,
      422.42795723033356,
      437.22202418072663,
      452.08297561745195,
      466.98410283776843
    ],
    "battery_voltage": 22.2,
    "solar_panel_side_length": 0.125,
    "solar_panels_n_rows": 2,
    "solar_encapsulation_eff_hit": 0.1,
    "solar_cell_efficiency": 0.2187,
    "energy_generation_margin": 1.05,
    "num_packs": 7.403486397220886
  },
  "Propulsion": {
    "propeller_n": 2,
    "propeller_diameter": 0.39688394036058794,
    "advanced_ratio": 0.8,
    "motor_kv": 100.86322088534435,
    "rpm_cruise": 2239.1635033418975,
    "i_cruise": 1.0162858913639634
  },
  "Masses": {
    "mass_propellers": 0.05631969410345146,
    "mass_motor_raw (single)": 0.275,
    "mass_motors_mounted (single)": 0.30250000000000005,
    "mass_esc (single)": 0.012272319085892026,
    "mass_power_board": 0.15,
    "mass_telemtry": 0.026,
    "mass_receiver": 0.018,
    "mass_servos": 0.08,
    "mass_avionics": 0.286,
    "mass_wires": 0.06967849700418255,
    "mass_solar_cells": 0.4426543636790556,