{
  "components": {
    "Main wing": {
      "mass": 1.8601172389604779,
      "x_cg": 0.07749999750029221,
      "y_cg": 0.0,
      "z_cg": 0.0,
      "Ixx": 5.650563210423919,
      "Iyy": 0.008593755040505668,
      "Izz": 5.658727948052106,
      "Ixy": 0.0,
      "Iyz": 0.0,
      "Ixz": 0.0
    },
    "Horizontal stabilizer": {
      "mass": 0.12633193372304105,
      "x_cg": 1.243901513166864,
      "y_cg": 0.0,
      "z_cg": 0.4179516609009025,
      "Ixx": 0.023986002718252693,
      "Iyy": 0.00016613962584517865,
      "Izz": 0.02414885245051678,
      "Ixy": 0.0,
      "Iyz": 0.0,
      "Ixz": 0.0
    },
    "Vertical stabilizer L": {
      "mass": 0.05582436562507225,
      "x_cg": 1.2126515156663662,
      "y_cg": 0.7546891432450897,
      "z_cg": 0.20897583045045126,
      "Ixx": 0.0008133602666695527,
      "Iyy": 0.0010157917337813589,
      "Izz": 0.00020388522640073722,
      "Ixy": 0.0,
      "Iyz": 0.0,
      "Ixz": 0.0
    },
    "Vertical stabilizer R": {
      "mass": 0.05582436562507225,
      "x_cg": 1.2126515156663662,
      "y_cg": -0.7546891432450897,
      "z_cg": 0.20897583045045126,
      "Ixx": 0.0008133602666695527,
      "Iyy": 0.0010157917337813589,
      "Izz": 0.00020388522640073722,
      "Ixy": 0.0,
      "Iyz": 0.0,
      "Ixz": 0.0
    },
    "Boom L": {
      "mass": 0.10254722381474746,
      "x_cg": 0.5697067989708192,
      "y_cg": 0.7546891432450897,
      "z_cg": -0.02,
      "Ixx": 5.127361190737373e-06,
      "Iyy": 0.011097005516692628,
      "Izz": 0.011097005516692628,
      "Ixy": 0.0,
      "Iyz": 0.0,
      "Ixz": 0.0
    },
    "Boom R": {
      "mass": 0.10254722381474746,
      "x_cg": 0.5697067989708192,
      "y_cg": -0.7546891432450897,
      "z_cg": -0.02,
      "Ixx": 5.127361190737373e-06,
      "Iyy": 0.011097005516692628,
      "Izz": 0.011097005516692628,
      "Ixy": 0.0,
      "Iyz": 0.0,
      "Ixz": 0.0
    },
    "Fuselage L": {
      "mass": 0.125,
      "x_cg": -0.25,
      "y_cg": 0.7546891432450897,
      "z_cg": -0.02,
      "Ixx": 8.794701528334989e-05,
      "Iyy": 0.0026481401743083414,
      "Izz": 0.0026481401743083414,
      "Ixy": 0.0,
      "Iyz": 0.0,
      "Ixz": 0.0
    },
    "Fuselage R": {
      "mass": 0.125,
      "x_cg": -0.25,
      "y_cg": -0.7546891432450897,
      "z_cg": -0.02,
      "Ixx": 8.794701528334989e-05,
      "Iyy": 0.0026481401743083414,
      "Izz": 0.0026481401743083414,
      "Ixy": 0.0,
      "Iyz": 0.0,
      "Ixz": 0.0
    },
    "Solar cells": {
      "mass": 0.3923090631530667,
      "x_cg": 0.15499999500058442,
      "y_cg": 0.0,
      "z_cg": 0.001,
      "Ixx": 1.1916900733336462,
      "Iyy": 0.0005266905421440228,
      "Izz": 1.1922165023364149,
      "Ixy": 0.0,
      "Iyz": 0.0,
      "Ixz": 0.0
    },
    "Batteries": {
      "mass": 3.1944322621156878,
      "x_cg": 0.15499999500058442,
      "y_cg": 0.0,
      "z_cg": 0.0,
      "Ixx": 0.6067086199256532,
      "Iyy": 0.010887689960044303,
      "Izz": 0.61711714504638,
      "Ixy": 0.0,
      "Iyz": 0.0,
      "Ixz": 0.0
    },
    "FC": {
      "mass": 0.08,
      "x_cg": 0.17979999420067794,
      "y_cg": 0.0,
      "z_cg": 0.0,
      "Ixx": 0.0,
      "Iyy": 0.0,
      "Izz": 0.0,
      "Ixy": 0.0,
      "Iyz": 0.0,
      "Ixz": 0.0
    },
    "GPS": {
      "mass": 0.02,
      "x_cg": 0.17979999420067794,
      "y_cg": 0.0,
      "z_cg": 0.0,
      "Ixx": 0.0,
      "Iyy": 0.0,
      "Izz": 0.0,
      "Ixy": 0.0,
      "Iyz": 0.0,
      "Ixz": 0.0
    },
    "Telemetry": {
      "mass": 0.03,
      "x_cg": 0.17979999420067794,
      "y_cg": 0.0,
      "z_cg": 0.0,
      "Ixx": 0.0,
      "Iyy": 0.0,
      "Izz": 0.0,
      "Ixy": 0.0,
      "Iyz": 0.0,
      "Ixz": 0.0
    },
    "Receiver": {
      "mass": 0.02,
      "x_cg": 0.17979999420067794,
      "y_cg": 0.0,
      "z_cg": 0.0,
      "Ixx": 0.0,
      "Iyy": 0.0,
      "Izz": 0.0,
      "Ixy": 0.0,
      "Iyz": 0.0,
      "Ixz": 0.0
    },
    "Navlight Port": {
      "mass": 0.01,
      "x_cg": 0.17979999420067794,
      "y_cg": -1.5093782864901795,
      "z_cg": 0.0,
      "Ixx": 0.0,
      "Iyy": 0.0,
      "Izz": 0.0,
      "Ixy": 0.0,
      "Iyz": 0.0,
      "Ixz": 0.0
    },
    "Navlight Starboard": {
      "mass": 0.01,
      "x_cg": 0.17979999420067794,
      "y_cg": 1.5093782864901795,
      "z_cg": 0.0,
      "Ixx": 0.0,
      "Iyy": 0.0,
      "Izz": 0.0,
      "Ixy": 0.0,
      "Iyz": 0.0,
      "Ixz": 0.0
    },
    "Navlight Center": {
      "mass": 0.01,
      "x_cg": 0.17979999420067794,
      "y_cg": 0.0,
      "z_cg": 0.0,
      "Ixx": 0.0,
      "Iyy": 0.0,
      "Izz": 0.0,
      "Ixy": 0.0,
      "Iyz": 0.0,
      "Ixz": 0.0
    },
    "Navlight Hstab": {
      "mass": 0.01,
      "x_cg": 1.2851515098675212,
      "y_cg": 0.0,
      "z_cg": 0.4179516609009025,
      "Ixx": 0.0,
      "Iyy": 0.0,
      "Izz": 0.0,
      "Ixy": 0.0,
      "Iyz": 0.0,
      "Ixz": 0.0
    },
    "Motor L": {
      "mass": 0.30250000000000005,
      "x_cg": -0.5,
      "y_cg": 0.7546891432450897,
      "z_cg": -0.02,
      "Ixx": 0.0,
      "Iyy": 0.0,
      "Izz": 0.0,
      "Ixy": 0.0,
      "Iyz": 0.0,
      "Ixz": 0.0
    },
    "Motor R": {
      "mass": 0.30250000000000005,
      "x_cg": -0.5,
      "y_cg": -0.7546891432450897,
      "z_cg": -0.02,
      "Ixx": 0.0,
      "Iyy": 0.0,
      "Izz": 0.0,
      "Ixy": 0.0,
      "Iyz": 0.0,
      "Ixz": 0.0
    },
    "ESC L": {
      "mass": 0.03,
      "x_cg": -0.25,
      "y_cg": 0.7546891432450897,
      "z_cg": -0.01,
      "Ixx": 0.0,
      "Iyy": 0.0,
      "Izz": 0.0,
      "Ixy": 0.0,
      "Iyz": 0.0,
      "Ixz": 0.0
    },
    "ESC R": {
      "mass": 0.03,
      "x_cg": -0.25,
      "y_cg": -0.7546891432450897,
      "z_cg": -0.01,
      "Ixx": 0.0,
      "Iyy": 0.0,
      "Izz": 0.0,
      "Ixy": 0.0,
      "Iyz": 0.0,
      "Ixz": 0.0
    },
    "Prop L": {
      "mass": 0.055,
      "x_cg": -0.5,
      "y_cg": 0.7546891432450897,
      "z_cg": 0.0,
      "Ixx": 0.0011000000000000003,
      "Iyy": 0.0005500000000000001,
      "Izz": 0.0005500000000000001,
      "Ixy": 0.0,
      "Iyz": 0.0,
      "Ixz": 0.0
    },
    "Prop R": {
      "mass": 0.055,
      "x_cg": -0.5,
      "y_cg": -0.7546891432450897,
      "z_cg": 0.0,
      "Ixx": 0.0011000000000000003,
      "Iyy": 0.0005500000000000001,
      "Izz": 0.0005500000000000001,
      "Ixy": 0.0,
      "Iyz": 0.0,
      "Ixz": 0.0
    },
    "Superstructure L": {
      "mass": 0.1,
      "x_cg": 0.07749999750029221,
      "y_cg": 0.7546891432450897,
      "z_cg": 0.0,
      "Ixx": 0.0,
      "Iyy": 0.0,
      "Izz": 0.0,
      "Ixy": 0.0,
      "Iyz": 0.0,
      "Ixz": 0.0
    },
    "Superstructure R": {
      "mass": 0.1,
      "x_cg": 0.07749999750029221,
      "y_cg": -0.7546891432450897,
      "z_cg": 0.0,
      "Ixx": 0.0,
      "Iyy": 0.0,
      "Izz": 0.0,
      "Ixy": 0.0,
      "Iyz": 0.0,
      "Ixz": 0.0
    },
    "Power board L": {
      "mass": 0.075,
      "x_cg": 0.07749999750029221,
      "y_cg": 0.7546891432450897,
      "z_cg": 0.0,
      "Ixx": 0.0,
      "Iyy": 0.0,
      "Izz": 0.0,
      "Ixy": 0.0,
      "Iyz": 0.0,
      "Ixz": 0.0
    },
    "Power board R": {
      "mass": 0.075,
      "x_cg": 0.07749999750029221,
      "y_cg": -0.7546891432450897,
      "z_cg": 0.0,
      "Ixx": 0.0,
      "Iyy": 0.0,
      "Izz": 0.0,
      "Ixy": 0.0,
      "Iyz": 0.0,
      "Ixz": 0.0
    },
    "Boom_vstab interface L": {
      "mass": 0.05,
      "x_cg": 1.1394135979416384,
      "y_cg": 0.7546891432450897,
      "z_cg": -0.02,
      "Ixx": 0.0,
      "Iyy": 0.0,
      "Izz": 0.0,
      "Ixy": 0.0,
      "Iyz": 0.0,
      "Ixz": 0.0
    },
    "Boom_vstab interface R": {
      "mass": 0.05,
      "x_cg": 1.1394135979416384,
      "y_cg": -0.7546891432450897,
      "z_cg": -0.02,
      "Ixx": 0.0,
      "Iyy": 0.0,
      "Izz": 0.0,
      "Ixy": 0.0,
      "Iyz": 0.0,
      "Ixz": 0.0
    },
    "Vstab_hstab interface L": {
      "mass": 0.03,
      "x_cg": 1.2126515156663662,