{
  "Meta": {
    "run_id": "run_e4cj",
    "timestamp_utc": "2025-12-18T23:09:51.102630+00:00"
  },
  "Mission": {
    "mission_date": 100,
    "operating_lat": 37.398928,
    "operating_altitude": 1200
  },
  "Environment": {
    "temperature_K": 314.6118954753899,
    "temperature_F": 106.63141185570174,
    "pressure": 87713.68566656993,
    "density": 0.9712477412534749,
    "speed_of_sound": 355.57620215400374
  },
  "Performance": {
    "airspeed": 10.982847006396227,
    "thrust_cruise": 2.7298589749554663,
    "thrust_climb": 41.58215667244738,
    "power_cruise (all motors)": 41.31608810265753,
    "power_cruise (one motor)": 20.658044051328766,
    "power_shaft_cruise (one motor)": 19.570248658315812,
    "min_climb_angle": 30,
    "power_out_max": 456.6904649510281,
    "total_mass": 7.92095774648298,
    "togw": 77.70459539498384,
    "stall_speed": 9.15237251350197,
    "L_over_D": 28.464692168334906
  },
  "Aerodynamics": {
    "CL": 0.8680555569949491,
    "CD": 0.03049587017704002,
    "Cm": -1.7751305133363728e-15,
    "L": 77.70459538507362,
    "D": 2.7298589749554663,
    "x_np": 0.2060175162576757,
    "static_margin": 0.49012218966792254
  },
  "Main Wing": {
    "wingspan": 6.037513145960718,
    "chordlen": 0.30999999000116885,
    "struct_defined_aoa": 5.102887526041998,
    "S_w": 1.5281616194358167,
    "MAC_w": 0.26221526277857216,
    "b_w": 6.069347591841858,
    "main_wing_area": 1.5281616194358167,
    "main_wing_AR": 24.10542165310789,
    "wing_airfoil": "s4110"
  },
  "HStab": {
    "hstab_AR": 11.00000009,
    "hstab_aoa": -0.7335271591221816,
    "hstab_area": 0.18867227072049528,
    "hstab_span": 1.5093782864901795,
    "hstab_chordlen": 0.12499999000199136,
    "L_H": 1.0619136004413463,
    "V_H_actual": 0.5,
    "hstab_airfoil": "naca0010"
  },
  "V Stab": {
    "vstab_AR": 2.0,
    "vstab_area": 0.0873417954249115,
    "vstab_area_total": 0.174683590849823,
    "vstab_span": 0.4179516609009025,
    "vstab_root_chord": 0.2929516708989111,
    "L_V": 1.0619136004413463,
    "V_V_actual": 0.02,
    "vstab_airfoil": "naca0010"
  },
  "Geometry": {
    "cg_le_dist": 0.07749999750029221,
    "boom_y": 0.7546891432450897,
    "boom_length": 1.1394135979416384,
    "boom_radius": 0.01,
    "boom_spacing_frac": 0.25
  },
  "Power": {
    "solar_panels_n": 49.038632894133336,
    "battery_capacity": 728.3305557623768,
    "battery_states": [
      412.24038324340773,
      425.45860599939004,
      438.66495329720107,
      451.8356942047553,
      464.9471577340083,
      477.97577277463074,
      490.89810798442574,
      503.69091161972113,
      516.3311512894799,
      528.7960536174747,
      541.063143797551,
      553.1102850276726,
      564.915717809064,
      576.4580990971842,
      587.716541291382,
      598.6706510496555,
      609.3005679137087,
      619.5870027270589,
      629.511275824775,
      639.0553549667599,
      648.201892976303,
      656.934265030442,
      665.2366055264946,
      673.0938444170349,
      680.4917428595778,
      687.4169279614882,
      693.8569263068794,
      699.8001958185489,
      705.2361553169354,
      710.1552108642289,
      714.5487775875894,
      718.4092951050719,
      721.7302338477414,
      724.5060883555004,
      726.7323518200392,
      728.291839075114,
      728.3305536923785,
      728.3301844067313,
      728.2610551936797,
      727.7000580019235,
      726.5765772559636,
      724.887342936845,
      722.6268668272604,
      719.7856529973894,
      716.348254741827,
      712.2918476002386,
      707.5886716270903,
      702.2225715132128,
      696.2401117736418,
      689.831695938021,
      683.2437450296725,
      676.6315320997073,
      670.0193191697421,
      663.4071062397768,
      656.7948933098115,
      650.1826803798463,
      643.570467449881,
      636.9582545199157,
      630.3460415899506,
      623.7338286599853,
      617.1216157300199,
      610.5094028000548,
      603.8971898700896,
      597.2849769401242,
      590.6727640101591,
      584.0605510801938,
      577.4483381502286,
      570.8361252202633,
      564.2239122902981,
      557.6116993603329,
      550.9994864303676,
      544.3872735004023,
      537.7750605704371,
      531.1628476404718,
      524.5506347105065,
      517.9384217805414,
      511.32620885057605,
      504.7139959206108,
      498.1017829906456,
      491.4895700606803,
      484.87735713071515,
      478.2651442007498,
      471.6529312707845,
      465.0407183408193,
      458.42850541085403,
      451.81629248088876,
      445.20407955092355,
      438.5918666209583,
      431.979653690993,
      425.3674407610278,
      418.75522783106254,
      412.1430149010973,
      405.53080197113206,
      398.9185890411668,
      392.30637611120153,
      385.69416318123626,
      379.081950251271,
      372.4697373213058,
      365.8575243913405,
      359.24531146137525,
      352.63309853141004,
      346.02088560144483,
      339.40867267147956,
      332.79645974151435,
      326.18424681154903,
      319.5720338815838,
      312.9598209516186,
      306.3476080216533,
      299.7353950916881,
      293.1231821617228,
      286.5109692317576,
      279.8987563017924,
      273.2865433718271,
      266.67433044186185,
      260.06211751189664,
      253.44990458193132,
      246.83769165196608,
      240.2254787220008,
      233.61326579203552,
      227.00105286207025,
      220.38883993210493,
      213.77662700213963,
      207.1644140721744,
      200.55220114220907,
      193.93998821224383,
      187.32777528227857,
      180.7155623523133,
      174.10334942234803,
      167.4911364923827,
      160.87892356241744,
      154.26671063245217,
      147.6787597241037,
      141.27034388848273,
      135.28788414891184,
      129.92178403503425,
      125.21860806188592,
      121.16220092029756,
      117.72480266473518,
      114.88358883486414,
      112.62311272527955,
      110.93387840616089,
      109.81039766261406,
      109.24958335670105,
      109.24958335582828,
      109.80897621537342,
      110.92622963386303,
      112.59934138347438,
      114.82560485947056,
      117.60145936722975,
      120.92239810989905,
      124.7829156273816,
      129.17648235074208,
      134.09553789803562,
      139.53149739642197,
      145.47476690809157,
      151.91476525348276,
      158.8399503553931,
      166.23784879793612,
      174.09508768847647,
      182.39742818452905,
      191.1298002386681,
      200.27633824821118,
      209.82041739019607,
      219.74469048791198,
      230.03112530126236,
      240.6610421653157,
      251.6151519235891,
      262.8735941177867,
      274.41597540590686,
      286.22140818729827,
      298.2685494174199,
      310.53563959749613,
      323.00054192549106,
      335.64078159524973,
      348.4335852305452,
      361.35592044034007,
      374.38453548096265,
      387.49599901021566,
      400.6667399177698,
      413.87308721558077
    ],
    "battery_voltage": 22.2,
    "solar_panel_side_length": 0.125,
    "solar_panels_n_rows": 2,
    "solar_encapsulation_eff_hit": 0.1,
    "solar_cell_efficiency": 0.2187,
    "energy_generation_margin": 1.05,
    "num_packs": 6.561536538399791
  },
  "Propulsion": {
    "propeller_n": 2,
    "propeller_diameter": 0.4,
    "advanced_ratio": 0.8,
    "motor_kv": 92.76053216782081,
    "rpm_cruise": 2059.283813699292,
    "i_cruise": 0.8815427325390726
  },
  "Masses": {
    "mass_solar_cells": 0.3923090631530667,
    "mass_power_board": 0.15,
    "mass_batteries": 3.1944322621156878,
    "mass_wires": 0.07602406965106699,
    "mass_avionics": 0.33999999999999997,
    "mass_servos": 0.08,
    "mass_motors_mounted": 0.6050000000000001,
    "mass_esc": 0.06,
    "mass_propellers": 0.11,
    "mass_main_wing": 1.8601172389604779,
    "mass_hstab": 0.12633193372304105,
    "mass_vstab": 0.1116487312501445,
    "mass_boom": 0.2050944476294949,
    "mass_fuselages": 0.25,
    "mass_superstructures": 0.2,