{
  "Meta": {
    "run_id": "run_20251217T071702Z",
    "timestamp_utc": "2025-12-17T07:17:02.780085+00:00"
  },
  "Mission": {
    "mission_date": 100,
    "operating_lat": 37.398928,
    "operating_altitude": 1200
  },
  "Environment": {
    "temperature_K": 314.6118954753899,
    "temperature_F": 106.63141185570174,
    "pressure": 87713.68566656993,
    "density": 0.9712477412534749,
    "speed_of_sound": 355.57620215400374
  },
  "Performance": {
    "airspeed": 10.984541953450254,
    "power_cruise (all motors)": 43.24473147431205,
    "power_cruise (one motor)": 21.622365737156024,
    "power_shaft_cruise (one motor)": 20.433030020513478,
    "thrust_cruise": 2.9605233640875905,
    "min_climb_angle": 30,
    "power_out_max": 507.3268768164629,
    "total_mass": 8.812437371838286,
    "togw_design": 8.812437361841564,
    "weight_N": 86.45001051966575,
    "stall_speed": 8.991630848846274,
    "L_over_D": 29.200921552713936
  },
  "Aerodynamics": {
    "CL": 0.8710766770715678,
    "CD": 0.029830451600614292,
    "Cm": -2.105452195113441e-15,
    "L": 86.45001050969849,
    "D": 2.9605233640875905,
    "x_np": 0.21627604980224208,
    "static_margin": 0.5000000099939989
  },
  "Main Wing": {
    "wingspan": 6.454437183612778,
    "chordlen": 0.3213956952487192,
    "struct_defined_aoa": 5.124338694045604,
    "S_w": 1.6937321634288933,
    "MAC_w": 0.27185424654630247,
    "b_w": 6.488425307032836,
    "main_wing_area": 1.6937321634288933,
    "main_wing_AR": 24.856151328976985,
    "wing_airfoil": "s4110"
  },
  "HStab": {
    "hstab_AR": 11.000000074999999,
    "hstab_aoa": -0.7260038311609097,
    "hstab_area": 0.20170114584900825,
    "hstab_span": 1.6136092959031945,
    "hstab_chordlen": 0.12499998999826593,
    "L_H": 1.1414121600600333,
    "V_H_actual": 0.5,
    "hstab_airfoil": "naca0010"
  },
  "V Stab": {
    "vstab_AR": 2.0,
    "vstab_area": 0.09628121214294315,
    "vstab_area_total": 0.1925624242858863,
    "vstab_span": 0.43881935267930733,
    "vstab_root_chord": 0.3138193626810414,
    "L_V": 1.1414121600600333,
    "V_V_actual": 0.02,
    "vstab_airfoil": "naca0010"
  },
  "Geometry": {
    "cg_le_dist": 0.0803489238121798,
    "boom_y": 0.8068046479515972,
    "boom_length": 1.221761083872213,
    "boom_radius": 0.01,
    "boom_spacing_frac": 0.25
  },
  "Power": {
    "solar_panels_n": 50.956425608187566,
    "battery_capacity": 756.8106651736742,
    "battery_states": [
      428.3547239242508,
      442.0898822026958,
      455.812700600007,
      469.49852011971467,
      483.12274405366907,
      496.6608794774326,
      510.08857870072336,
      523.3816806554861,
      536.5162522046979,
      549.4686293556442,
      562.2154583620983,
      574.7337367005482,
      587.0008539062402,
      598.9946322552611,
      610.693367278993,
      622.0758680968322,
      633.1214975517871,
      643.8102121310321,
      654.1226016491627,
      664.0399286649656,
      673.5441675919302,
      682.6180434469562,
      691.2450701586525,
      699.4095883232952,
      707.0968022486915,
      714.2928160578866,
      720.984668527225,
      727.160366194336,
      732.8089140730758,
      737.9203430278991,
      742.4857324505336,
      746.4972262891811,
      749.9480396178747,
      752.8324516701226,
      755.1457793923108,
      756.7715454643258,
      756.8106638310201,
      756.8103666792524,
      756.7412010968023,
      756.1583076325638,
      754.9908900356288,
      753.2355934905357,
      750.8867151491678,
      747.9343877168449,
      744.3625604016013,
      740.1475161288279,
      735.2604093227815,
      729.6844528758023,
      723.4680323383512,
      716.8089975019335,
      709.9634063722917,
      703.0926043869091,
      696.2218024015265,
      689.3510004161438,
      682.4801984307612,
      675.6093964453787,
      668.738594459996,
      661.8677924746135,
      654.9969904892307,
      648.1261885038482,
      641.2553865184656,
      634.384584533083,
      627.5137825477003,
      620.6429805623178,
      613.7721785769351,
      606.9013765915525,
      600.0305746061699,
      593.1597726207873,
      586.2889706354047,
      579.418168650022,
      572.5473666646395,
      565.6765646792569,
      558.805762693874,
      551.9349607084915,
      545.0641587231089,
      538.1933567377264,
      531.3225547523438,
      524.4517527669611,
      517.5809507815785,
      510.7101487961959,
      503.83934681081325,
      496.96854482543057,
      490.09774284004794,
      483.2269408546654,
      476.35613886928274,
      469.48533688390006,
      462.61453489851743,
      455.7437329131348,
      448.8729309277521,
      442.0021289423696,
      435.13132695698687,
      428.2605249716042,
      421.38972298622167,
      414.518921000839,
      407.64811901545636,
      400.77731703007373,
      393.9065150446911,
      387.0357130593085,
      380.1649110739259,
      373.2941090885432,
      366.42330710316065,
      359.5525051177781,
      352.68170313239546,
      345.81090114701277,
      338.94009916163014,
      332.0692971762476,
      325.19849519086495,
      318.3276932054823,
      311.4568912200997,
      304.5860892347171,
      297.7152872493345,
      290.84448526395187,
      283.9736832785693,
      277.10288129318667,
      270.23207930780404,
      263.3612773224214,
      256.49047533703884,
      249.6196733516562,
      242.7488713662736,
      235.87806938089093,
      229.0072673955083,
      222.13646541012565,
      215.26566342474305,
      208.39486143936043,
      201.52405945397783,
      194.6532574685952,
      187.7824554832126,
      180.91165349782997,
      174.04085151244738,
      167.17004952706475,
      160.29924754168215,
      153.45365641204037,
      146.7946215756225,
      140.5782010381715,
      135.0022445911925,
      130.11513778514598,
      125.90009351237252,
      122.32826619712895,
      119.37593876480594,
      117.027060423438,
      115.27176387834501,
      114.1043462826597,
      113.52159976729197,
      113.52159976682985,
      114.10286924708863,
      115.2638159816657,
      117.00235944002684,
      119.31568716809664,
      122.20009922034446,
      125.65091254903804,
      129.6624063876856,
      134.22779581032017,
      139.33922476514334,
      144.98777264388312,
      151.16347031099414,
      157.85532278033256,
      165.0513365895277,
      172.73855051492401,
      180.90306867956656,
      189.53009539126285,
      198.60397124628892,
      208.10821017325355,
      218.0255371890563,
      228.33792670718677,
      239.02664128643187,
      250.0722707413868,
      261.45477155922606,
      273.1535065829578,
      285.1472849319788,
      297.4144021376708,
      309.9326804761208,
      322.6795094825748,
      335.63188663352105,
      348.76645818273295,
      362.0595601374956,
      375.48725936078625,
      389.0253947845499,
      402.6496187185043,
      416.3354382382119,
      430.05825663552326
    ],
    "battery_voltage": 22.2,
    "solar_panel_side_length": 0.125,
    "solar_panels_n_rows": 2,
    "solar_encapsulation_eff_hit": 0.1,
    "solar_cell_efficiency": 0.2187,
    "energy_generation_margin": 1.05,
    "num_packs": 6.818114100663732
  },
  "Propulsion": {
    "propeller_n": 2,
    "propeller_diameter": 1.2267202135437083,
    "advanced_ratio": 0.8,
    "motor_kv": 49.99999500284362,
    "rpm_cruise": 671.5799066593072,
    "i_cruise": 1.5212655840177063
  },
  "Masses": {
    "mass_propellers": 0.11,
    "mass_motor_raw (single)": 0.275,
    "mass_motors_mounted (single)": 0.30250000000000005,
    "mass_esc (single)": 0.06,
    "mass_power_board": 0.15,
    "mass_telemtry": 0.026,
    "mass_receiver": 0.018,
    "mass_servos": 0.08,
    "mass_avionics": 0.286,
    "mass_wires": 0.09475987492540508,
    "mass_solar_cells": 0.40765140486550056,
    "mass_batteries": 3.3193450226915537,
    "mass_main_wing": 2.903495939427649,
    "mass_hstab": 0.18825968370248047,