{
  "Meta": {
    "run_id": "run_0813",
    "timestamp_utc": "2025-12-20T05:53:02.462404+00:00"
  },
  "Mission": {
    "mission_date": 100,
    "operating_lat": 37.398928,
    "operating_altitude": 1200
  },
  "Environment": {
    "temperature_K": 314.6118954753899,
    "temperature_F": 106.63141185570174,
    "pressure": 87713.68566656993,
    "density": 0.9712477412534749,
    "speed_of_sound": 355.57620215400374
  },
  "Performance": {
    "airspeed": 12.118729868850002,
    "thrust_cruise": 3.17995450772898,
    "thrust_climb": 49.63627715546592,
    "power_cruise (all motors)": 53.0344246914333,
    "power_cruise (one motor)": 26.51721234571665,
    "power_shaft_cruise (one motor)": 25.11027143663306,
    "min_climb_angle": 30,
    "power_out_max": 601.5286345583296,
    "total_mass": 9.471217675182215,
    "togw": 92.9126452954739,
    "stall_speed": 10.077163651142977,
    "L_over_D": 29.21823097144425
  },
  "Aerodynamics": {
    "CL": 0.864315747857659,
    "CD": 0.0295813852899711,
    "Cm": -1.7821559554024087e-15,
    "L": 92.91264528551064,
    "D": 3.17995450772898,
    "x_np": 0.18428717096948205,
    "static_margin": 0.4071179987113746
  },
  "Main Wing": {
    "wingspan": 5.9811210413592955,
    "chordlen": 0.3099999900012723,
    "struct_defined_aoa": 5.059346100430428,
    "S_w": 1.507259961663905,
    "MAC_w": 0.26230030066754795,
    "b_w": 5.9843325496156465,
    "main_wing_area": 1.507259961663905,
    "main_wing_AR": 23.759827087064135,
    "wing_airfoil": "s4110"
  },
  "HStab": {
    "hstab_AR": 11.00000009,
    "hstab_aoa": -0.8841767146212559,
    "hstab_area": 0.1869100175906662,
    "hstab_span": 1.4952802603398239,
    "hstab_chordlen": 0.12499999000066263,
    "L_H": 0.8460857180901407,
    "V_H_actual": 0.4,
    "hstab_airfoil": "naca0010"
  },
  "V Stab": {
    "vstab_AR": 2.0,
    "vstab_area": 0.0799559488163772,
    "vstab_area_total": 0.1599118976327544,
    "vstab_span": 0.3998898568765584,
    "vstab_root_chord": 0.27488986687589584,
    "L_V": 0.8460857180901407,
    "V_V_actual": 0.015,
    "vstab_airfoil": "naca0010"
  },
  "Geometry": {
    "cg_le_dist": 0.07749999750031808,
    "boom_y": 0.7476401301699119,
    "boom_length": 0.9235857155904588,
    "boom_radius": 0.01,
    "boom_spacing_frac": 0.25
  },
  "Power": {
    "solar_panels_n": 82.86440412088189,
    "battery_capacity": 888.0000088790252,
    "battery_states": [
      241.38805089439202,
      266.5796205311936,
      291.75112327976944,
      316.8624591326266,
      341.8736293743955,
      366.7448040608743,
      391.43638942497927,
      415.9090951812674,
      440.1240017015569,
      464.0426270352001,
      487.62699374869476,
      510.839695560471,
      533.643963747716,
      556.0037333028299,
      577.8837088172879,
      599.249430069969,
      620.0673372949269,
      640.3048360994634,
      659.9303619963083,
      678.9134445024488,
      697.2247707399254,
      714.8362484482678,
      731.7210682807487,
      747.8537652024289,
      763.2102787302106,
      777.7680116440205,
      791.5058866398269,
      804.4044001692391,
      816.4456723875809,
      827.6134916695914,
      837.8933514858194,
      847.2724764690117,
      855.739833097085,
      863.2861183645634,
      869.9037167851726,
      875.5866115753959,
      880.3302291740326,
      884.1311862605124,
      886.9868896036172,
      887.9999958979262,
      888.0000019183401,
      887.931326816137,
      886.9673280176876,
      885.0220146570223,
      882.0692819564313,
      878.0705616444642,
      872.9789455752505,
      866.7671348624083,
      859.5138132000765,
      851.5407202880637,
      843.2642529558773,
      834.9467881927802,
      826.629323429683,
      818.3118586665857,
      809.9943939034885,
      801.6769291403913,
      793.3594643772942,
      785.0419996141969,
      776.7245348510999,
      768.4070700880026,
      760.0896053249055,
      751.7721405618082,
      743.4546757987112,
      735.1372110356139,
      726.8197462725168,
      718.5022815094196,
      710.1848167463223,
      701.8673519832251,
      693.549887220128,
      685.2324224570308,
      676.9149576939336,
      668.5974929308364,
      660.2800281677393,
      651.9625634046421,
      643.6450986415449,
      635.3276338784478,
      627.0101691153505,
      618.6927043522533,
      610.3752395891561,
      602.057774826059,
      593.7403100629618,
      585.4228452998645,
      577.1053805367674,
      568.7879157736702,
      560.4704510105731,
      552.152986247476,
      543.8355214843788,
      535.5180567212815,
      527.2005919581843,
      518.8831271950872,
      510.56566243198995,
      502.2481976688928,
      493.93073290579565,
      485.61326814269836,
      477.29580337960124,
      468.97833861650406,
      460.6608738534068,
      452.34340909030965,
      444.0259443272124,
      435.70847956411535,
      427.3910148010182,
      419.07355003792094,
      410.75608527482376,
      402.4386205117266,
      394.12115574862935,
      385.80369098553217,
      377.486226222435,
      369.1687614593378,
      360.8512966962407,
      352.53383193314346,
      344.2163671700463,
      335.89890240694916,
      327.5814376438519,
      319.26397288075475,
      310.9465081176575,
      302.6290433545604,
      294.31157859146316,
      285.99411382836604,
      277.6766490652688,
      269.3591843021716,
      261.0417195390745,
      252.72425477597727,
      244.40679001288004,
      236.08932524978283,
      227.77186048668563,
      219.45439572358842,
      211.1369309604912,
      202.819466197394,
      194.5020014342968,
      186.18453667119957,
      177.8670719081024,
      169.59060457591613,
      161.6175116639034,
      154.36419000157153,
      148.15237928872932,
      143.06076321951576,
      139.06204290754886,
      136.10931020695782,
      134.16399684629238,
      133.20000132223848,
      133.20127762128163,
      134.1585518785106,
      136.06660751608516,
      138.92231484105386,
      142.72327192753355,
      147.46688952617052,
      153.14978431639378,
      159.76738273700306,
      167.31366800448143,
      175.7810246325547,
      185.16014961574714,
      195.44000943197497,
      206.6078287139857,
      218.64910093232731,
      231.54761446173947,
      245.28548945754602,
      259.8432223713558,
      275.1997358991375,
      291.3324328208177,
      308.2172526532986,
      325.8287303616412,
      344.1400565991179,
      363.12313910525836,
      382.74866500210317,
      402.9861638066396,
      423.8040710315976,
      445.16979228427874,
      467.0497677987367,
      489.4095373538505,
      512.2138055410957,
      535.426507352872,
      559.0108740663667,
      582.92949940001,
      607.1444059202995,
      631.6171116765877,
      656.3086970406926,
      681.1798717271714,
      706.1910419689403,
      731.3023778217973,
      756.4738805703734
    ],
    "battery_voltage": 22.2,
    "solar_panel_side_length": 0.125,
    "solar_panels_n_rows": 2,
    "solar_encapsulation_eff_hit": 0.1,
    "solar_cell_efficiency": 0.2187,
    "energy_generation_margin": 1.05,
    "num_packs": 8.000000079991219
  },
  "Propulsion": {
    "propeller_n": 2,
    "propeller_diameter": 0.4,
    "advanced_ratio": 0.8,
    "motor_kv": 102.35413741204387,
    "rpm_cruise": 2272.261850409375,
    "i_cruise": 1.1310933080251377
  },
  "Masses": {
    "mass_solar_cells": 0.6214830309066142,
    "mass_power_board": 0.1,
    "mass_batteries": 3.8947368810483565,
    "mass_wires": 0.09557183498320253,
    "mass_avionics": 0.3,
    "mass_servos": 0.08,
    "mass_motors_mounted": 0.6050000000000001,
    "mass_escs": 0.06,
    "mass_propellers": 0.11,
    "mass_main_wing": 2.5685452923817342,
    "mass_hstab": 0.16686927629774873,
    "mass_vstab": 0.1427659307582771,
    "mass_boom": 0.16624542880628257,
    "mass_fuselages": 0.2,
    "mass_superstructures": 0.2,
    "mass_boom_vstab_interfaces": 0.1,