{
  "Meta": {
    "run_id": "run_20251217T063518Z",
    "timestamp_utc": "2025-12-17T06:35:18.917968+00:00"
  },
  "Mission": {
    "mission_date": 100,
    "operating_lat": 37.398928,
    "operating_altitude": 1200
  },
  "Environment": {
    "temperature_K": 314.6118954753899,
    "temperature_F": 106.63141185570174,
    "pressure": 87713.68566656993,
    "density": 0.9712477412534749,
    "speed_of_sound": 355.57620215400374
  },
  "Performance": {
    "airspeed": 11.988157184847205,
    "power_cruise (all motors)": 49.79179906238056,
    "power_cruise (one motor)": 24.89589953119028,
    "power_shaft_cruise (one motor)": 23.26897639998942,
    "thrust_cruise": 2.9578476431605076,
    "min_climb_angle": 30,
    "power_out_max": 525.5008267674293,
    "total_mass": 8.333771413560305,
    "togw_design": 8.333771403565398,
    "weight_N": 81.75429746897656,
    "stall_speed": 9.767810491160331,
    "L_over_D": 27.639793296342326
  },
  "Aerodynamics": {
    "CL": 0.8630440150510428,
    "CD": 0.031224691364289348,
    "Cm": 4.097728229635669e-17,
    "L": 81.75429745902974,
    "D": 2.9578476431605076,
    "x_np": 0.20659797967092872,
    "static_margin": 0.49233067702522193
  },
  "Main Wing": {
    "wingspan": 5.361602777693092,
    "chordlen": 0.3099999900005722,
    "struct_defined_aoa": 7.000000067547805,
    "S_w": 1.35729035266928,
    "MAC_w": 0.26221803392554394,
    "b_w": 5.390645277772036,
    "main_wing_area": 1.35729035266928,
    "main_wing_AR": 21.40960956041403,
    "wing_airfoil": "s4110"
  },
  "HStab": {
    "hstab_AR": 11.000000075,
    "hstab_aoa": 1.3582724403694566,
    "hstab_area": 0.16755007340024086,
    "hstab_span": 1.340400694423273,
    "hstab_chordlen": 0.12499999000099872,
    "L_H": 1.0620884865053575,
    "V_H_actual": 0.5,
    "hstab_airfoil": "naca0010"
  },
  "V Stab": {
    "vstab_AR": 2.0,
    "vstab_area": 0.06888946564383351,
    "vstab_area_total": 0.13777893128766702,
    "vstab_span": 0.3711858446757729,
    "vstab_root_chord": 0.24618585467477422,
    "L_V": 1.0620884865053575,
    "V_V_actual": 0.019999999999999997,
    "vstab_airfoil": "naca0010"
  },
  "Geometry": {
    "cg_le_dist": 0.07749999750014305,
    "boom_y": 0.6702003472116365,
    "boom_length": 1.1395884840055006,
    "boom_radius": 0.01,
    "boom_spacing_frac": 0.25
  },
  "Power": {
    "solar_panels_n": 57.46665900902208,
    "battery_capacity": 853.4907510110904,
    "battery_states": [
      482.8005639729614,
      498.29053698020954,
      513.7665935533109,
      529.2009242428248,
      544.5657898456359,
      559.8335682018302,
      574.9768009408805,
      589.9682401574901,
      604.7808949980449,
      619.3880781393287,
      633.7634521419516,
      647.8810756617315,
      661.7154495029821,
      675.2415624981713,
      688.4349371985351,
      701.2716753597357,
      713.7285032052164,
      725.7828164470358,
      737.4127250390883,
      748.5970976297914,
      759.3156056693883,
      769.548767109219,
      779.2779896043197,
      788.4856130931112,
      797.1549515740172,
      805.2703338218079,
      812.817142676601,
      819.7818523817492,
      826.1520632229476,
      831.9165323999771,
      837.0651996005686,
      841.5892050775076,
      845.4808970572976,
      848.7338238837768,
      851.3427041992688,
      853.2890826236875,
      853.4907494631893,
      853.4906088585384,
      853.4213651911828,
      852.7640966415131,
      851.447528846497,
      849.4679742207884,
      846.8190013171425,
      843.4894821874744,
      839.4613153778913,
      834.7077537014977,
      829.1962662488867,
      822.9079211781939,
      815.8972858162297,
      808.3874874009773,
      800.6672981123318,
      792.9186770089958,
      785.1700559056599,
      777.421434802324,
      769.6728136989881,
      761.924192595652,
      754.1755714923161,
      746.4269503889801,
      738.6783292856443,
      730.9297081823082,
      723.1810870789724,
      715.4324659756363,
      707.6838448723004,
      699.9352237689645,
      692.1866026656286,
      684.4379815622926,
      676.6893604589567,
      668.9407393556206,
      661.1921182522847,
      653.4434971489488,
      645.6948760456129,
      637.9462549422769,
      630.1976338389411,
      622.449012735605,
      614.7003916322691,
      606.9517705289333,
      599.2031494255972,
      591.4545283222612,
      583.7059072189254,
      575.9572861155895,
      568.2086650122534,
      560.4600439089176,
      552.7114228055815,
      544.9628017022457,
      537.2141805989097,
      529.4655594955738,
      521.7169383922378,
      513.9683172889017,
      506.21969618556585,
      498.4710750822299,
      490.7224539788939,
      482.973832875558,
      475.22521177222205,
      467.47659066888605,
      459.72796956555004,
      451.97934846221415,
      444.2307273588783,
      436.4821062555424,
      428.7334851522064,
      420.98486404887046,
      413.23624294553446,
      405.48762184219845,
      397.73900073886256,
      389.9903796355266,
      382.2417585321906,
      374.4931374288547,
      366.74451632551876,
      358.99589522218275,
      351.24727411884686,
      343.49865301551097,
      335.75003191217496,
      328.001410808839,
      320.25278970550306,
      312.50416860216717,
      304.75554749883116,
      297.0069263954952,
      289.2583052921593,
      281.50968418882337,
      273.76106308548736,
      266.0124419821514,
      258.2638208788155,
      250.5151997754795,
      242.76657867214357,
      235.01795756880765,
      227.2693364654717,
      219.5207153621357,
      211.7720942587997,
      204.02347315546382,
      196.27485205212784,
      188.52623094879192,
      180.77760984545597,
      173.05742055681054,
      165.54762214155804,
      158.53698677959395,
      152.248641708901,
      146.73715425629018,
      141.98359257989662,
      137.95542577031355,
      134.62590664064558,
      131.9769337369996,
      129.99737911129128,
      128.68081131640895,
      128.02361264336017,
      128.02361264272767,
      128.67914557326623,
      129.9884157844638,
      131.9490769355528,
      134.55795725109178,
      137.8108840775709,
      141.70257605736094,
      146.22658153429998,
      151.37524873489156,
      157.139717911921,
      163.50992875311945,
      170.4746384582676,
      178.02144731306078,
      186.13682956085154,
      194.8061680417575,
      204.01379153054893,
      213.74301402564964,
      223.9761754654803,
      234.69468350507708,
      245.87905609578038,
      257.5089646878328,
      269.56327792965226,
      282.0201057751329,
      294.85684393633363,
      308.0502186366972,
      321.57633163188655,
      335.4107054731371,
      349.52832899291684,
      363.9037029955399,
      378.5108861368236,
      393.3235409773784,
      408.3149801939881,
      423.45821293303834,
      438.7259912892325,
      454.0908568920435,
      469.5251875815575,
      485.0012441546591
    ],
    "battery_voltage": 22.2,
    "solar_panel_side_length": 0.125,
    "solar_panels_n_rows": 2,
    "solar_encapsulation_eff_hit": 0.1,
    "solar_cell_efficiency": 0.2187,
    "energy_generation_margin": 1.05,
    "num_packs": 7.6891058649647785
  },
  "Propulsion": {
    "propeller_n": 2,
    "propeller_diameter": 0.358623625676836,
    "advanced_ratio": 0.8,
    "motor_kv": 207.18532827367892,
    "rpm_cruise": 2507.118116288721,
    "i_cruise": 1.9229211749946558
  },
  "Masses": {
    "mass_propellers": 0.044048156084133164,
    "mass_motor_raw (single)": 0.13588609657212256,
    "mass_motors_mounted (single)": 0.16306331588654707,
    "mass_esc (single)": 0.012506919677064817,
    "mass_power_board": 0.15,
    "mass_telemtry": 0.026,
    "mass_receiver": 0.018,
    "mass_servos": 0.08,
    "mass_avionics": 0.286,
    "mass_wires": 0.06882320751520786,
    "mass_solar_cells": 0.4597332720721767,
    "mass_batteries": 3.7433804868907474,
    "mass_main_wing": 2.5057280455588096,