{
  "analysis_parameters": {
    "circular_diameter_m": 1000.0,
    "turn_radius_m": 500.0,
    "n_points": 180
  },
  "aircraft_parameters": {
    "mission_date": 100,
    "operating_lat": 37.398928,
    "operating_altitude": 1200,
    "airspeed": 10.982847006396227,
    "power_cruise_all_motors": 41.31608810265753,
    "solar_panels_n": 49.038632894133336,
    "battery_capacity": 728.3305557623768,
    "solar_panel_side_length": 0.125,
    "solar_cell_efficiency": 0.2187,
    "energy_generation_margin": 1.05,
    "allowable_battery_depth_of_discharge": 0.85,
    "avionics_power": 9.0
  },
  "energy_metrics": {
    "total_energy_generated_Wh": 1187.0400559888017,
    "total_energy_used_Wh": 1208.0358327929198,
    "energy_surplus_Wh": -20.995776804118123,
    "energy_surplus_percent": -1.738009439304206
  },
  "battery_metrics": {
    "initial_state_Wh": 728.3305557623768,
    "final_state_Wh": 408.9558254372438,
    "min_state_Wh": 109.24958336435654,
    "max_state_Wh": 728.3305557623768,
    "state_change_Wh": -319.374730325133,
    "min_state_percent": 15.000000000000002
  },
  "power_metrics": {
    "avg_power_generated_W": 50.00690231707873,
    "max_power_generated_W": 147.9019994910261,
    "avg_power_used_W": 50.33482636637166,
    "max_power_used_W": 50.33482636637165
  }
}